schema_version,split_id,sample,selected_on_train,trade_dates,experiment_id,strategy_id,direction_filter,minimum_reward_risk,input_trades,evaluated_trades,target_hits,losses,other_exits,win_rate,gross_usd,net_usd,average_net_usd,long_trades,short_trades,notes
1,chronological_train_dates=12_holdout_dates=7,train,false,2026-05-22;2026-05-26;2026-05-27;2026-05-28;2026-05-29;2026-06-02;2026-06-03;2026-06-04;2026-06-05;2026-06-08;2026-06-09;2026-06-10,liquidity_sweep_absorption_reward_risk:direction=all:min_reward_risk=0,liquidity_sweep_absorption_reversal,all,0,20,20,11,9,0,0.55,-462.5,-1032.5,-51.625,10,10,post-signal reward/risk filter over absorption outcomes
1,chronological_train_dates=12_holdout_dates=7,train,false,2026-05-22;2026-05-26;2026-05-27;2026-05-28;2026-05-29;2026-06-02;2026-06-03;2026-06-04;2026-06-05;2026-06-08;2026-06-09;2026-06-10,liquidity_sweep_absorption_reward_risk:direction=long:min_reward_risk=0,liquidity_sweep_absorption_reversal,long,0,20,10,7,3,0,0.7,87.5,-197.5,-19.75,10,0,post-signal reward/risk filter over absorption outcomes
1,chronological_train_dates=12_holdout_dates=7,train,false,2026-05-22;2026-05-26;2026-05-27;2026-05-28;2026-05-29;2026-06-02;2026-06-03;2026-06-04;2026-06-05;2026-06-08;2026-06-09;2026-06-10,liquidity_sweep_absorption_reward_risk:direction=short:min_reward_risk=0,liquidity_sweep_absorption_reversal,short,0,20,10,4,6,0,0.4,-550,-835,-83.5,0,10,post-signal reward/risk filter over absorption outcomes
1,chronological_train_dates=12_holdout_dates=7,train,false,2026-05-22;2026-05-26;2026-05-27;2026-05-28;2026-05-29;2026-06-02;2026-06-03;2026-06-04;2026-06-05;2026-06-08;2026-06-09;2026-06-10,liquidity_sweep_absorption_reward_risk:direction=all:min_reward_risk=0.5,liquidity_sweep_absorption_reversal,all,0.5,20,10,4,6,0,0.4,-250,-535,-53.5,4,6,post-signal reward/risk filter over absorption outcomes
1,chronological_train_dates=12_holdout_dates=7,train,false,2026-05-22;2026-05-26;2026-05-27;2026-05-28;2026-05-29;2026-06-02;2026-06-03;2026-06-04;2026-06-05;2026-06-08;2026-06-09;2026-06-10,liquidity_sweep_absorption_reward_risk:direction=long:min_reward_risk=0.5,liquidity_sweep_absorption_reversal,long,0.5,20,4,2,2,0,0.5,-25,-139,-34.75,4,0,post-signal reward/risk filter over absorption outcomes
1,chronological_train_dates=12_holdout_dates=7,train,false,2026-05-22;2026-05-26;2026-05-27;2026-05-28;2026-05-29;2026-06-02;2026-06-03;2026-06-04;2026-06-05;2026-06-08;2026-06-09;2026-06-10,liquidity_sweep_absorption_reward_risk:direction=short:min_reward_risk=0.5,liquidity_sweep_absorption_reversal,short,0.5,20,6,2,4,0,0.33333333,-225,-396,-66,0,6,post-signal reward/risk filter over absorption outcomes
1,chronological_train_dates=12_holdout_dates=7,train,false,2026-05-22;2026-05-26;2026-05-27;2026-05-28;2026-05-29;2026-06-02;2026-06-03;2026-06-04;2026-06-05;2026-06-08;2026-06-09;2026-06-10,liquidity_sweep_absorption_reward_risk:direction=all:min_reward_risk=0.75,liquidity_sweep_absorption_reversal,all,0.75,20,7,2,5,0,0.28571429,-212.5,-412,-58.85714286,2,5,post-signal reward/risk filter over absorption outcomes
1,chronological_train_dates=12_holdout_dates=7,train,false,2026-05-22;2026-05-26;2026-05-27;2026-05-28;2026-05-29;2026-06-02;2026-06-03;2026-06-04;2026-06-05;2026-06-08;2026-06-09;2026-06-10,liquidity_sweep_absorption_reward_risk:direction=long:min_reward_risk=0.75,liquidity_sweep_absorption_reversal,long,0.75,20,2,1,1,0,0.5,75,18,9,2,0,post-signal reward/risk filter over absorption outcomes
1,chronological_train_dates=12_holdout_dates=7,train,false,2026-05-22;2026-05-26;2026-05-27;2026-05-28;2026-05-29;2026-06-02;2026-06-03;2026-06-04;2026-06-05;2026-06-08;2026-06-09;2026-06-10,liquidity_sweep_absorption_reward_risk:direction=short:min_reward_risk=0.75,liquidity_sweep_absorption_reversal,short,0.75,20,5,1,4,0,0.2,-287.5,-430,-86,0,5,post-signal reward/risk filter over absorption outcomes
1,chronological_train_dates=12_holdout_dates=7,train,false,2026-05-22;2026-05-26;2026-05-27;2026-05-28;2026-05-29;2026-06-02;2026-06-03;2026-06-04;2026-06-05;2026-06-08;2026-06-09;2026-06-10,liquidity_sweep_absorption_reward_risk:direction=all:min_reward_risk=1,liquidity_sweep_absorption_reversal,all,1,20,6,2,4,0,0.33333333,37.5,-133.5,-22.25,1,5,post-signal reward/risk filter over absorption outcomes
1,chronological_train_dates=12_holdout_dates=7,train,false,2026-05-22;2026-05-26;2026-05-27;2026-05-28;2026-05-29;2026-06-02;2026-06-03;2026-06-04;2026-06-05;2026-06-08;2026-06-09;2026-06-10,liquidity_sweep_absorption_reward_risk:direction=long:min_reward_risk=1,liquidity_sweep_absorption_reversal,long,1,20,1,1,0,0,1,325,296.5,296.5,1,0,post-signal reward/risk filter over absorption outcomes
1,chronological_train_dates=12_holdout_dates=7,train,false,2026-05-22;2026-05-26;2026-05-27;2026-05-28;2026-05-29;2026-06-02;2026-06-03;2026-06-04;2026-06-05;2026-06-08;2026-06-09;2026-06-10,liquidity_sweep_absorption_reward_risk:direction=short:min_reward_risk=1,liquidity_sweep_absorption_reversal,short,1,20,5,1,4,0,0.2,-287.5,-430,-86,0,5,post-signal reward/risk filter over absorption outcomes
1,chronological_train_dates=12_holdout_dates=7,train,false,2026-05-22;2026-05-26;2026-05-27;2026-05-28;2026-05-29;2026-06-02;2026-06-03;2026-06-04;2026-06-05;2026-06-08;2026-06-09;2026-06-10,liquidity_sweep_absorption_reward_risk:direction=all:min_reward_risk=1.25,liquidity_sweep_absorption_reversal,all,1.25,20,5,2,3,0,0.4,212.5,70,14,1,4,post-signal reward/risk filter over absorption outcomes
1,chronological_train_dates=12_holdout_dates=7,train,false,2026-05-22;2026-05-26;2026-05-27;2026-05-28;2026-05-29;2026-06-02;2026-06-03;2026-06-04;2026-06-05;2026-06-08;2026-06-09;2026-06-10,liquidity_sweep_absorption_reward_risk:direction=long:min_reward_risk=1.25,liquidity_sweep_absorption_reversal,long,1.25,20,1,1,0,0,1,325,296.5,296.5,1,0,post-signal reward/risk filter over absorption outcomes
1,chronological_train_dates=12_holdout_dates=7,train,false,2026-05-22;2026-05-26;2026-05-27;2026-05-28;2026-05-29;2026-06-02;2026-06-03;2026-06-04;2026-06-05;2026-06-08;2026-06-09;2026-06-10,liquidity_sweep_absorption_reward_risk:direction=short:min_reward_risk=1.25,liquidity_sweep_absorption_reversal,short,1.25,20,4,1,3,0,0.25,-112.5,-226.5,-56.625,0,4,post-signal reward/risk filter over absorption outcomes
1,chronological_train_dates=12_holdout_dates=7,train,false,2026-05-22;2026-05-26;2026-05-27;2026-05-28;2026-05-29;2026-06-02;2026-06-03;2026-06-04;2026-06-05;2026-06-08;2026-06-09;2026-06-10,liquidity_sweep_absorption_reward_risk:direction=all:min_reward_risk=1.5,liquidity_sweep_absorption_reversal,all,1.5,20,4,2,2,0,0.5,325,211,52.75,1,3,post-signal reward/risk filter over absorption outcomes
1,chronological_train_dates=12_holdout_dates=7,train,false,2026-05-22;2026-05-26;2026-05-27;2026-05-28;2026-05-29;2026-06-02;2026-06-03;2026-06-04;2026-06-05;2026-06-08;2026-06-09;2026-06-10,liquidity_sweep_absorption_reward_risk:direction=long:min_reward_risk=1.5,liquidity_sweep_absorption_reversal,long,1.5,20,1,1,0,0,1,325,296.5,296.5,1,0,post-signal reward/risk filter over absorption outcomes
1,chronological_train_dates=12_holdout_dates=7,train,false,2026-05-22;2026-05-26;2026-05-27;2026-05-28;2026-05-29;2026-06-02;2026-06-03;2026-06-04;2026-06-05;2026-06-08;2026-06-09;2026-06-10,liquidity_sweep_absorption_reward_risk:direction=short:min_reward_risk=1.5,liquidity_sweep_absorption_reversal,short,1.5,20,3,1,2,0,0.33333333,0,-85.5,-28.5,0,3,post-signal reward/risk filter over absorption outcomes
1,chronological_train_dates=12_holdout_dates=7,train,true,2026-05-22;2026-05-26;2026-05-27;2026-05-28;2026-05-29;2026-06-02;2026-06-03;2026-06-04;2026-06-05;2026-06-08;2026-06-09;2026-06-10,liquidity_sweep_absorption_reward_risk:direction=all:min_reward_risk=2,liquidity_sweep_absorption_reversal,all,2,20,2,2,0,0,1,637.5,580.5,290.25,1,1,post-signal reward/risk filter over absorption outcomes
1,chronological_train_dates=12_holdout_dates=7,train,false,2026-05-22;2026-05-26;2026-05-27;2026-05-28;2026-05-29;2026-06-02;2026-06-03;2026-06-04;2026-06-05;2026-06-08;2026-06-09;2026-06-10,liquidity_sweep_absorption_reward_risk:direction=long:min_reward_risk=2,liquidity_sweep_absorption_reversal,long,2,20,1,1,0,0,1,325,296.5,296.5,1,0,post-signal reward/risk filter over absorption outcomes
1,chronological_train_dates=12_holdout_dates=7,train,false,2026-05-22;2026-05-26;2026-05-27;2026-05-28;2026-05-29;2026-06-02;2026-06-03;2026-06-04;2026-06-05;2026-06-08;2026-06-09;2026-06-10,liquidity_sweep_absorption_reward_risk:direction=short:min_reward_risk=2,liquidity_sweep_absorption_reversal,short,2,20,1,1,0,0,1,312.5,284,284,0,1,post-signal reward/risk filter over absorption outcomes
1,chronological_train_dates=12_holdout_dates=7,holdout,false,2026-06-11;2026-06-12;2026-06-15;2026-06-16;2026-06-17;2026-06-18;2026-06-19,liquidity_sweep_absorption_reward_risk:direction=all:min_reward_risk=0,liquidity_sweep_absorption_reversal,all,0,10,10,4,6,0,0.4,293.75,8.75,0.875,5,5,post-signal reward/risk filter over absorption outcomes
1,chronological_train_dates=12_holdout_dates=7,holdout,false,2026-06-11;2026-06-12;2026-06-15;2026-06-16;2026-06-17;2026-06-18;2026-06-19,liquidity_sweep_absorption_reward_risk:direction=long:min_reward_risk=0,liquidity_sweep_absorption_reversal,long,0,10,5,1,4,0,0.2,-125,-267.5,-53.5,5,0,post-signal reward/risk filter over absorption outcomes
1,chronological_train_dates=12_holdout_dates=7,holdout,false,2026-06-11;2026-06-12;2026-06-15;2026-06-16;2026-06-17;2026-06-18;2026-06-19,liquidity_sweep_absorption_reward_risk:direction=short:min_reward_risk=0,liquidity_sweep_absorption_reversal,short,0,10,5,3,2,0,0.6,418.75,276.25,55.25,0,5,post-signal reward/risk filter over absorption outcomes
1,chronological_train_dates=12_holdout_dates=7,holdout,false,2026-06-11;2026-06-12;2026-06-15;2026-06-16;2026-06-17;2026-06-18;2026-06-19,liquidity_sweep_absorption_reward_risk:direction=all:min_reward_risk=0.5,liquidity_sweep_absorption_reversal,all,0.5,10,10,4,6,0,0.4,293.75,8.75,0.875,5,5,post-signal reward/risk filter over absorption outcomes
1,chronological_train_dates=12_holdout_dates=7,holdout,false,2026-06-11;2026-06-12;2026-06-15;2026-06-16;2026-06-17;2026-06-18;2026-06-19,liquidity_sweep_absorption_reward_risk:direction=long:min_reward_risk=0.5,liquidity_sweep_absorption_reversal,long,0.5,10,5,1,4,0,0.2,-125,-267.5,-53.5,5,0,post-signal reward/risk filter over absorption outcomes
1,chronological_train_dates=12_holdout_dates=7,holdout,false,2026-06-11;2026-06-12;2026-06-15;2026-06-16;2026-06-17;2026-06-18;2026-06-19,liquidity_sweep_absorption_reward_risk:direction=short:min_reward_risk=0.5,liquidity_sweep_absorption_reversal,short,0.5,10,5,3,2,0,0.6,418.75,276.25,55.25,0,5,post-signal reward/risk filter over absorption outcomes
1,chronological_train_dates=12_holdout_dates=7,holdout,false,2026-06-11;2026-06-12;2026-06-15;2026-06-16;2026-06-17;2026-06-18;2026-06-19,liquidity_sweep_absorption_reward_risk:direction=all:min_reward_risk=0.75,liquidity_sweep_absorption_reversal,all,0.75,10,10,4,6,0,0.4,293.75,8.75,0.875,5,5,post-signal reward/risk filter over absorption outcomes
1,chronological_train_dates=12_holdout_dates=7,holdout,false,2026-06-11;2026-06-12;2026-06-15;2026-06-16;2026-06-17;2026-06-18;2026-06-19,liquidity_sweep_absorption_reward_risk:direction=long:min_reward_risk=0.75,liquidity_sweep_absorption_reversal,long,0.75,10,5,1,4,0,0.2,-125,-267.5,-53.5,5,0,post-signal reward/risk filter over absorption outcomes
1,chronological_train_dates=12_holdout_dates=7,holdout,false,2026-06-11;2026-06-12;2026-06-15;2026-06-16;2026-06-17;2026-06-18;2026-06-19,liquidity_sweep_absorption_reward_risk:direction=short:min_reward_risk=0.75,liquidity_sweep_absorption_reversal,short,0.75,10,5,3,2,0,0.6,418.75,276.25,55.25,0,5,post-signal reward/risk filter over absorption outcomes
1,chronological_train_dates=12_holdout_dates=7,holdout,false,2026-06-11;2026-06-12;2026-06-15;2026-06-16;2026-06-17;2026-06-18;2026-06-19,liquidity_sweep_absorption_reward_risk:direction=all:min_reward_risk=1,liquidity_sweep_absorption_reversal,all,1,10,8,4,4,0,0.5,568.75,340.75,42.59375,3,5,post-signal reward/risk filter over absorption outcomes
1,chronological_train_dates=12_holdout_dates=7,holdout,false,2026-06-11;2026-06-12;2026-06-15;2026-06-16;2026-06-17;2026-06-18;2026-06-19,liquidity_sweep_absorption_reward_risk:direction=long:min_reward_risk=1,liquidity_sweep_absorption_reversal,long,1,10,3,1,2,0,0.33333333,150,64.5,21.5,3,0,post-signal reward/risk filter over absorption outcomes
1,chronological_train_dates=12_holdout_dates=7,holdout,false,2026-06-11;2026-06-12;2026-06-15;2026-06-16;2026-06-17;2026-06-18;2026-06-19,liquidity_sweep_absorption_reward_risk:direction=short:min_reward_risk=1,liquidity_sweep_absorption_reversal,short,1,10,5,3,2,0,0.6,418.75,276.25,55.25,0,5,post-signal reward/risk filter over absorption outcomes
1,chronological_train_dates=12_holdout_dates=7,holdout,false,2026-06-11;2026-06-12;2026-06-15;2026-06-16;2026-06-17;2026-06-18;2026-06-19,liquidity_sweep_absorption_reward_risk:direction=all:min_reward_risk=1.25,liquidity_sweep_absorption_reversal,all,1.25,10,6,3,3,0,0.5,543.75,372.75,62.125,3,3,post-signal reward/risk filter over absorption outcomes
1,chronological_train_dates=12_holdout_dates=7,holdout,false,2026-06-11;2026-06-12;2026-06-15;2026-06-16;2026-06-17;2026-06-18;2026-06-19,liquidity_sweep_absorption_reward_risk:direction=long:min_reward_risk=1.25,liquidity_sweep_absorption_reversal,long,1.25,10,3,1,2,0,0.33333333,150,64.5,21.5,3,0,post-signal reward/risk filter over absorption outcomes
1,chronological_train_dates=12_holdout_dates=7,holdout,false,2026-06-11;2026-06-12;2026-06-15;2026-06-16;2026-06-17;2026-06-18;2026-06-19,liquidity_sweep_absorption_reward_risk:direction=short:min_reward_risk=1.25,liquidity_sweep_absorption_reversal,short,1.25,10,3,2,1,0,0.66666667,393.75,308.25,102.75,0,3,post-signal reward/risk filter over absorption outcomes
1,chronological_train_dates=12_holdout_dates=7,holdout,false,2026-06-11;2026-06-12;2026-06-15;2026-06-16;2026-06-17;2026-06-18;2026-06-19,liquidity_sweep_absorption_reward_risk:direction=all:min_reward_risk=1.5,liquidity_sweep_absorption_reversal,all,1.5,10,5,3,2,0,0.6,656.25,513.75,102.75,3,2,post-signal reward/risk filter over absorption outcomes
1,chronological_train_dates=12_holdout_dates=7,holdout,false,2026-06-11;2026-06-12;2026-06-15;2026-06-16;2026-06-17;2026-06-18;2026-06-19,liquidity_sweep_absorption_reward_risk:direction=long:min_reward_risk=1.5,liquidity_sweep_absorption_reversal,long,1.5,10,3,1,2,0,0.33333333,150,64.5,21.5,3,0,post-signal reward/risk filter over absorption outcomes
1,chronological_train_dates=12_holdout_dates=7,holdout,false,2026-06-11;2026-06-12;2026-06-15;2026-06-16;2026-06-17;2026-06-18;2026-06-19,liquidity_sweep_absorption_reward_risk:direction=short:min_reward_risk=1.5,liquidity_sweep_absorption_reversal,short,1.5,10,2,2,0,0,1,506.25,449.25,224.625,0,2,post-signal reward/risk filter over absorption outcomes
1,chronological_train_dates=12_holdout_dates=7,holdout,true,2026-06-11;2026-06-12;2026-06-15;2026-06-16;2026-06-17;2026-06-18;2026-06-19,liquidity_sweep_absorption_reward_risk:direction=all:min_reward_risk=2,liquidity_sweep_absorption_reversal,all,2,10,5,3,2,0,0.6,656.25,513.75,102.75,3,2,post-signal reward/risk filter over absorption outcomes
1,chronological_train_dates=12_holdout_dates=7,holdout,false,2026-06-11;2026-06-12;2026-06-15;2026-06-16;2026-06-17;2026-06-18;2026-06-19,liquidity_sweep_absorption_reward_risk:direction=long:min_reward_risk=2,liquidity_sweep_absorption_reversal,long,2,10,3,1,2,0,0.33333333,150,64.5,21.5,3,0,post-signal reward/risk filter over absorption outcomes
1,chronological_train_dates=12_holdout_dates=7,holdout,false,2026-06-11;2026-06-12;2026-06-15;2026-06-16;2026-06-17;2026-06-18;2026-06-19,liquidity_sweep_absorption_reward_risk:direction=short:min_reward_risk=2,liquidity_sweep_absorption_reversal,short,2,10,2,2,0,0,1,506.25,449.25,224.625,0,2,post-signal reward/risk filter over absorption outcomes
