schema_version,split_id,sample,selected_on_train,trade_dates,guard_id,guard_name,conditions,input_trades,kept_trades,skipped_trades,runner_target_hits,full_stops,runner_stop_exits,other_exits,positive_net_trades,positive_net_rate,net_usd,average_net_usd,average_net_usd_lower_bound,profit_factor,max_trade_sequence_drawdown_usd,unfiltered_net_usd,guard_net_improvement_usd,worst_day,worst_day_net_usd,long_trades,short_trades,notes,selection_objective,minimum_kept_train_trades,minimum_train_participation_rate
1,scaled_context_guard_walk_forward_window=1:train_dates=40:holdout_dates=5,train,true,2025-12-02;2025-12-03;2025-12-04;2025-12-05;2025-12-08;2025-12-09;2025-12-10;2025-12-11;2025-12-12;2025-12-15;2025-12-16;2025-12-17;2025-12-18;2025-12-19;2025-12-22;2025-12-23;2025-12-24;2025-12-26;2025-12-29;2025-12-30;2025-12-31;2026-01-02;2026-01-05;2026-01-06;2026-01-07;2026-01-08;2026-01-09;2026-01-12;2026-01-13;2026-01-14;2026-01-15;2026-01-16;2026-01-19;2026-01-20;2026-01-21;2026-01-22;2026-01-23;2026-01-26;2026-01-27;2026-01-28,scaled_context_guard:lookback_directional_move_points<=-2.5&session_range_points>=30&minutes_after_rth_open>=90,lookback_fade_push_session_range_30_after_90m,lookback_directional_move_points <= -2.5;session_range_points >= 30;minutes_after_rth_open >= 90,354,143,211,69,36,18,20,86,0.6013986,10986.5,76.82867133,15.77589645,1.25684996,-7175.5,122,10864.5,2025-12-23,-2638,57,86,theory guard selected on train rows only,lower_bound,123,0.35
1,scaled_context_guard_walk_forward_window=1:train_dates=40:holdout_dates=5,holdout,true,2026-01-29;2026-01-30;2026-02-02;2026-02-03;2026-02-04,scaled_context_guard:lookback_directional_move_points<=-2.5&session_range_points>=30&minutes_after_rth_open>=90,lookback_fade_push_session_range_30_after_90m,lookback_directional_move_points <= -2.5;session_range_points >= 30;minutes_after_rth_open >= 90,41,24,17,9,11,4,0,9,0.375,-6018,-250.75,-413.00442181,0.51778846,-9326,-4687,-1331,2026-02-03,-3378,10,14,theory guard selected on train rows only,lower_bound,123,0.35
1,scaled_context_guard_walk_forward_window=6:train_dates=40:holdout_dates=5,train,true,2025-12-09;2025-12-10;2025-12-11;2025-12-12;2025-12-15;2025-12-16;2025-12-17;2025-12-18;2025-12-19;2025-12-22;2025-12-23;2025-12-24;2025-12-26;2025-12-29;2025-12-30;2025-12-31;2026-01-02;2026-01-05;2026-01-06;2026-01-07;2026-01-08;2026-01-09;2026-01-12;2026-01-13;2026-01-14;2026-01-15;2026-01-16;2026-01-19;2026-01-20;2026-01-21;2026-01-22;2026-01-23;2026-01-26;2026-01-27;2026-01-28;2026-01-29;2026-01-30;2026-02-02;2026-02-03;2026-02-04,scaled_context_guard:lookback_directional_move_points<=-2.5&session_range_points>=30&minutes_after_rth_open>=90,lookback_fade_push_session_range_30_after_90m,lookback_directional_move_points <= -2.5;session_range_points >= 30;minutes_after_rth_open >= 90,353,143,210,64,39,21,19,80,0.55944056,3099,21.67132867,-39.98185827,1.06633702,-9326,-6858.5,9957.5,2026-02-03,-3378,56,87,theory guard selected on train rows only,lower_bound,123,0.35
1,scaled_context_guard_walk_forward_window=6:train_dates=40:holdout_dates=5,holdout,true,2026-02-05;2026-02-06;2026-02-09;2026-02-10;2026-02-11,scaled_context_guard:lookback_directional_move_points<=-2.5&session_range_points>=30&minutes_after_rth_open>=90,lookback_fade_push_session_range_30_after_90m,lookback_directional_move_points <= -2.5;session_range_points >= 30;minutes_after_rth_open >= 90,38,23,15,14,4,5,0,14,0.60869565,4514,196.26086957,52.13105492,1.8150957,-3224,4609,-95,2026-02-06,-2910,8,15,theory guard selected on train rows only,lower_bound,123,0.35
1,scaled_context_guard_walk_forward_window=11:train_dates=40:holdout_dates=5,train,true,2025-12-16;2025-12-17;2025-12-18;2025-12-19;2025-12-22;2025-12-23;2025-12-24;2025-12-26;2025-12-29;2025-12-30;2025-12-31;2026-01-02;2026-01-05;2026-01-06;2026-01-07;2026-01-08;2026-01-09;2026-01-12;2026-01-13;2026-01-14;2026-01-15;2026-01-16;2026-01-19;2026-01-20;2026-01-21;2026-01-22;2026-01-23;2026-01-26;2026-01-27;2026-01-28;2026-01-29;2026-01-30;2026-02-02;2026-02-03;2026-02-04;2026-02-05;2026-02-06;2026-02-09;2026-02-10;2026-02-11,scaled_context_guard:lookback_directional_move_points<=-2.5&session_range_points>=30,lookback_fade_push_session_range_30,lookback_directional_move_points <= -2.5;session_range_points >= 30,344,173,171,83,47,24,19,99,0.57225434,7639,44.15606936,-12.48324269,1.13685549,-7000,4254.5,3384.5,2026-01-12,-2885,68,105,theory guard selected on train rows only,lower_bound,120,0.35
1,scaled_context_guard_walk_forward_window=11:train_dates=40:holdout_dates=5,holdout,true,2026-02-12;2026-02-13;2026-02-16;2026-02-17;2026-02-18,scaled_context_guard:lookback_directional_move_points<=-2.5&session_range_points>=30,lookback_fade_push_session_range_30,lookback_directional_move_points <= -2.5;session_range_points >= 30,35,15,20,12,2,1,0,12,0.8,6270,418,257.79180212,3.67263427,-1032,10242.5,-3972.5,2026-02-12,718,4,11,theory guard selected on train rows only,lower_bound,120,0.35
1,scaled_context_guard_walk_forward_window=16:train_dates=40:holdout_dates=5,train,true,2025-12-23;2025-12-24;2025-12-26;2025-12-29;2025-12-30;2025-12-31;2026-01-02;2026-01-05;2026-01-06;2026-01-07;2026-01-08;2026-01-09;2026-01-12;2026-01-13;2026-01-14;2026-01-15;2026-01-16;2026-01-19;2026-01-20;2026-01-21;2026-01-22;2026-01-23;2026-01-26;2026-01-27;2026-01-28;2026-01-29;2026-01-30;2026-02-02;2026-02-03;2026-02-04;2026-02-05;2026-02-06;2026-02-09;2026-02-10;2026-02-11;2026-02-12;2026-02-13;2026-02-16;2026-02-17;2026-02-18,scaled_context_guard:lookback_directional_move_points<=-2.5&session_range_points>=30,lookback_fade_push_session_range_30,lookback_directional_move_points <= -2.5;session_range_points >= 30,327,160,167,80,43,20,17,94,0.5875,10592.5,66.203125,7.07423056,1.20949527,-7000,12148.5,-1556,2026-01-12,-2885,58,102,theory guard selected on train rows only,lower_bound,114,0.35
1,scaled_context_guard_walk_forward_window=16:train_dates=40:holdout_dates=5,holdout,true,2026-02-19;2026-02-20;2026-02-23;2026-02-24;2026-02-25,scaled_context_guard:lookback_directional_move_points<=-2.5&session_range_points>=30,lookback_fade_push_session_range_30,lookback_directional_move_points <= -2.5;session_range_points >= 30,48,25,23,13,6,3,3,14,0.56,2012.5,80.5,-66.40473103,1.26386522,-2942,-6086,8098.5,2026-02-23,-1660,12,13,theory guard selected on train rows only,lower_bound,114,0.35
1,scaled_context_guard_walk_forward_window=21:train_dates=40:holdout_dates=5,train,true,2025-12-31;2026-01-02;2026-01-05;2026-01-06;2026-01-07;2026-01-08;2026-01-09;2026-01-12;2026-01-13;2026-01-14;2026-01-15;2026-01-16;2026-01-19;2026-01-20;2026-01-21;2026-01-22;2026-01-23;2026-01-26;2026-01-27;2026-01-28;2026-01-29;2026-01-30;2026-02-02;2026-02-03;2026-02-04;2026-02-05;2026-02-06;2026-02-09;2026-02-10;2026-02-11;2026-02-12;2026-02-13;2026-02-16;2026-02-17;2026-02-18;2026-02-19;2026-02-20;2026-02-23;2026-02-24;2026-02-25,scaled_context_guard:lookback_directional_move_points<=-2.5&session_range_points>=30&risk_to_average_bar_range<=2.5,lookback_fade_push_session_range_30_risk_avg_2.5,lookback_directional_move_points <= -2.5;session_range_points >= 30;risk_to_average_bar_range <= 2.5,329,128,201,72,32,22,2,74,0.578125,13104,102.375,36.17169684,1.33404711,-7172,10609.5,2494.5,2026-02-03,-2660,55,73,theory guard selected on train rows only,lower_bound,115,0.35
1,scaled_context_guard_walk_forward_window=21:train_dates=40:holdout_dates=5,holdout,true,2026-02-26;2026-02-27;2026-03-02;2026-03-03;2026-03-04,scaled_context_guard:lookback_directional_move_points<=-2.5&session_range_points>=30&risk_to_average_bar_range<=2.5,lookback_fade_push_session_range_30_risk_avg_2.5,lookback_directional_move_points <= -2.5;session_range_points >= 30;risk_to_average_bar_range <= 2.5,50,40,10,28,6,5,1,29,0.725,12932.5,323.3125,219.55037016,2.70119705,-1314,14087.5,-1155,2026-03-04,840,13,27,theory guard selected on train rows only,lower_bound,115,0.35
1,scaled_context_guard_walk_forward_window=26:train_dates=40:holdout_dates=5,train,true,2026-01-08;2026-01-09;2026-01-12;2026-01-13;2026-01-14;2026-01-15;2026-01-16;2026-01-19;2026-01-20;2026-01-21;2026-01-22;2026-01-23;2026-01-26;2026-01-27;2026-01-28;2026-01-29;2026-01-30;2026-02-02;2026-02-03;2026-02-04;2026-02-05;2026-02-06;2026-02-09;2026-02-10;2026-02-11;2026-02-12;2026-02-13;2026-02-16;2026-02-17;2026-02-18;2026-02-19;2026-02-20;2026-02-23;2026-02-24;2026-02-25;2026-02-26;2026-02-27;2026-03-02;2026-03-03;2026-03-04,scaled_context_guard:lookback_directional_move_points<=-2.5&session_range_points>=30&minutes_after_rth_open>=90,lookback_fade_push_session_range_30_after_90m,lookback_directional_move_points <= -2.5;session_range_points >= 30;minutes_after_rth_open >= 90,337,155,182,91,35,19,10,99,0.63870968,26402.5,170.33870968,111.60923022,1.62762973,-9326,23316,3086.5,2026-02-03,-3378,59,96,theory guard selected on train rows only,lower_bound,117,0.35
1,scaled_context_guard_walk_forward_window=26:train_dates=40:holdout_dates=5,holdout,true,2026-03-05;2026-03-06;2026-03-09;2026-03-10;2026-03-11,scaled_context_guard:lookback_directional_move_points<=-2.5&session_range_points>=30&minutes_after_rth_open>=90,lookback_fade_push_session_range_30_after_90m,lookback_directional_move_points <= -2.5;session_range_points >= 30;minutes_after_rth_open >= 90,42,20,22,11,5,4,0,11,0.55,1610,80.5,-86.71524303,1.25604326,-3974,406,1204,2026-03-09,-3096,9,11,theory guard selected on train rows only,lower_bound,117,0.35
1,scaled_context_guard_walk_forward_window=31:train_dates=40:holdout_dates=5,train,true,2026-01-15;2026-01-16;2026-01-19;2026-01-20;2026-01-21;2026-01-22;2026-01-23;2026-01-26;2026-01-27;2026-01-28;2026-01-29;2026-01-30;2026-02-02;2026-02-03;2026-02-04;2026-02-05;2026-02-06;2026-02-09;2026-02-10;2026-02-11;2026-02-12;2026-02-13;2026-02-16;2026-02-17;2026-02-18;2026-02-19;2026-02-20;2026-02-23;2026-02-24;2026-02-25;2026-02-26;2026-02-27;2026-03-02;2026-03-03;2026-03-04;2026-03-05;2026-03-06;2026-03-09;2026-03-10;2026-03-11,scaled_context_guard:lookback_directional_move_points<=-2.5&session_range_points>=30&minutes_after_rth_open>=90,lookback_fade_push_session_range_30_after_90m,lookback_directional_move_points <= -2.5;session_range_points >= 30;minutes_after_rth_open >= 90,340,160,180,97,35,21,7,102,0.6375,28642.5,179.015625,121.48385602,1.67187024,-9326,28220,422.5,2026-02-03,-3378,63,97,theory guard selected on train rows only,lower_bound,118,0.35
1,scaled_context_guard_walk_forward_window=31:train_dates=40:holdout_dates=5,holdout,true,2026-03-12;2026-03-13;2026-03-16;2026-03-17;2026-03-18,scaled_context_guard:lookback_directional_move_points<=-2.5&session_range_points>=30&minutes_after_rth_open>=90,lookback_fade_push_session_range_30_after_90m,lookback_directional_move_points <= -2.5;session_range_points >= 30;minutes_after_rth_open >= 90,42,22,20,14,2,4,2,16,0.72727273,7283.5,331.06818182,207.87232428,3.28179825,-1032,-2631.5,9915,2026-03-18,-596,17,5,theory guard selected on train rows only,lower_bound,118,0.35
1,scaled_context_guard_walk_forward_window=36:train_dates=40:holdout_dates=5,train,true,2026-01-22;2026-01-23;2026-01-26;2026-01-27;2026-01-28;2026-01-29;2026-01-30;2026-02-02;2026-02-03;2026-02-04;2026-02-05;2026-02-06;2026-02-09;2026-02-10;2026-02-11;2026-02-12;2026-02-13;2026-02-16;2026-02-17;2026-02-18;2026-02-19;2026-02-20;2026-02-23;2026-02-24;2026-02-25;2026-02-26;2026-02-27;2026-03-02;2026-03-03;2026-03-04;2026-03-05;2026-03-06;2026-03-09;2026-03-10;2026-03-11;2026-03-12;2026-03-13;2026-03-16;2026-03-17;2026-03-18,scaled_context_guard:lookback_directional_move_points<=-2.5&session_range_points>=30&minutes_after_rth_open>=90,lookback_fade_push_session_range_30_after_90m,lookback_directional_move_points <= -2.5;session_range_points >= 30;minutes_after_rth_open >= 90,349,169,180,104,34,23,8,110,0.65088757,34229.5,202.54142012,147.79147587,1.81183739,-9326,25907,8322.5,2026-02-03,-3378,75,94,theory guard selected on train rows only,lower_bound,122,0.35
1,scaled_context_guard_walk_forward_window=36:train_dates=40:holdout_dates=5,holdout,true,2026-03-19;2026-03-20;2026-03-23;2026-03-24;2026-03-25,scaled_context_guard:lookback_directional_move_points<=-2.5&session_range_points>=30&minutes_after_rth_open>=90,lookback_fade_push_session_range_30_after_90m,lookback_directional_move_points <= -2.5;session_range_points >= 30;minutes_after_rth_open >= 90,49,29,20,17,7,4,1,17,0.5862069,3784.5,130.5,-7.63831408,1.4493855,-3974,7394.5,-3610,2026-03-23,-2224,14,15,theory guard selected on train rows only,lower_bound,122,0.35
1,scaled_context_guard_walk_forward_window=41:train_dates=40:holdout_dates=5,train,true,2026-01-29;2026-01-30;2026-02-02;2026-02-03;2026-02-04;2026-02-05;2026-02-06;2026-02-09;2026-02-10;2026-02-11;2026-02-12;2026-02-13;2026-02-16;2026-02-17;2026-02-18;2026-02-19;2026-02-20;2026-02-23;2026-02-24;2026-02-25;2026-02-26;2026-02-27;2026-03-02;2026-03-03;2026-03-04;2026-03-05;2026-03-06;2026-03-09;2026-03-10;2026-03-11;2026-03-12;2026-03-13;2026-03-16;2026-03-17;2026-03-18;2026-03-19;2026-03-20;2026-03-23;2026-03-24;2026-03-25,scaled_context_guard:lookback_directional_move_points<=-2.5&session_range_points>=30&minutes_after_rth_open>=90,lookback_fade_push_session_range_30_after_90m,lookback_directional_move_points <= -2.5;session_range_points >= 30;minutes_after_rth_open >= 90,345,182,163,109,39,27,7,113,0.62087912,30901,169.78571429,116.16709752,1.63686483,-9326,23335,7566,2026-02-03,-3378,82,100,theory guard selected on train rows only,lower_bound,120,0.35
1,scaled_context_guard_walk_forward_window=41:train_dates=40:holdout_dates=5,holdout,true,2026-03-26;2026-03-27;2026-03-30;2026-03-31;2026-04-01,scaled_context_guard:lookback_directional_move_points<=-2.5&session_range_points>=30&minutes_after_rth_open>=90,lookback_fade_push_session_range_30_after_90m,lookback_directional_move_points <= -2.5;session_range_points >= 30;minutes_after_rth_open >= 90,40,29,11,12,13,4,0,12,0.4137931,-5928,-204.4137931,-355.26524508,0.59240924,-10236,-6280,352,2026-03-26,-4692,17,12,theory guard selected on train rows only,lower_bound,120,0.35
1,scaled_context_guard_walk_forward_window=46:train_dates=40:holdout_dates=5,train,true,2026-02-05;2026-02-06;2026-02-09;2026-02-10;2026-02-11;2026-02-12;2026-02-13;2026-02-16;2026-02-17;2026-02-18;2026-02-19;2026-02-20;2026-02-23;2026-02-24;2026-02-25;2026-02-26;2026-02-27;2026-03-02;2026-03-03;2026-03-04;2026-03-05;2026-03-06;2026-03-09;2026-03-10;2026-03-11;2026-03-12;2026-03-13;2026-03-16;2026-03-17;2026-03-18;2026-03-19;2026-03-20;2026-03-23;2026-03-24;2026-03-25;2026-03-26;2026-03-27;2026-03-30;2026-03-31;2026-04-01,scaled_context_guard:lookback_directional_move_points<=-2.5&session_range_points>=30&minutes_after_rth_open>=90,lookback_fade_push_session_range_30_after_90m,lookback_directional_move_points <= -2.5;session_range_points >= 30;minutes_after_rth_open >= 90,344,187,157,112,41,27,7,116,0.62032086,30991,165.72727273,112.51477748,1.61265803,-10550,21742,9249,2026-03-26,-4692,89,98,theory guard selected on train rows only,lower_bound,120,0.35
1,scaled_context_guard_walk_forward_window=46:train_dates=40:holdout_dates=5,holdout,true,2026-04-02;2026-04-06;2026-04-07;2026-04-08;2026-04-09,scaled_context_guard:lookback_directional_move_points<=-2.5&session_range_points>=30&minutes_after_rth_open>=90,lookback_fade_push_session_range_30_after_90m,lookback_directional_move_points <= -2.5;session_range_points >= 30;minutes_after_rth_open >= 90,41,20,21,13,4,1,2,15,0.75,5522.5,276.125,119.90931627,2.25226757,-1346,-1649.5,7172,2026-04-02,404,7,13,theory guard selected on train rows only,lower_bound,120,0.35
1,scaled_context_guard_walk_forward_window=51:train_dates=40:holdout_dates=5,train,true,2026-02-12;2026-02-13;2026-02-16;2026-02-17;2026-02-18;2026-02-19;2026-02-20;2026-02-23;2026-02-24;2026-02-25;2026-02-26;2026-02-27;2026-03-02;2026-03-03;2026-03-04;2026-03-05;2026-03-06;2026-03-09;2026-03-10;2026-03-11;2026-03-12;2026-03-13;2026-03-16;2026-03-17;2026-03-18;2026-03-19;2026-03-20;2026-03-23;2026-03-24;2026-03-25;2026-03-26;2026-03-27;2026-03-30;2026-03-31;2026-04-01;2026-04-02;2026-04-06;2026-04-07;2026-04-08;2026-04-09,scaled_context_guard:lookback_directional_move_points<=-2.5&session_range_points>=30&minutes_after_rth_open>=90,lookback_fade_push_session_range_30_after_90m,lookback_directional_move_points <= -2.5;session_range_points >= 30;minutes_after_rth_open >= 90,347,184,163,111,41,23,9,117,0.63586957,31999.5,173.91032609,120.10890056,1.64702314,-10550,15483.5,16516,2026-03-26,-4692,88,96,theory guard selected on train rows only,lower_bound,121,0.35
1,scaled_context_guard_walk_forward_window=51:train_dates=40:holdout_dates=5,holdout,true,2026-04-10;2026-04-13;2026-04-14;2026-04-15;2026-04-16,scaled_context_guard:lookback_directional_move_points<=-2.5&session_range_points>=30&minutes_after_rth_open>=90,lookback_fade_push_session_range_30_after_90m,lookback_directional_move_points <= -2.5;session_range_points >= 30;minutes_after_rth_open >= 90,48,28,20,10,10,6,2,11,0.39285714,-5021,-179.32142857,-319.64687077,0.58992159,-9666,-11323.5,6302.5,2026-04-13,-7602,6,22,theory guard selected on train rows only,lower_bound,121,0.35
1,scaled_context_guard_walk_forward_window=56:train_dates=40:holdout_dates=5,train,true,2026-02-19;2026-02-20;2026-02-23;2026-02-24;2026-02-25;2026-02-26;2026-02-27;2026-03-02;2026-03-03;2026-03-04;2026-03-05;2026-03-06;2026-03-09;2026-03-10;2026-03-11;2026-03-12;2026-03-13;2026-03-16;2026-03-17;2026-03-18;2026-03-19;2026-03-20;2026-03-23;2026-03-24;2026-03-25;2026-03-26;2026-03-27;2026-03-30;2026-03-31;2026-04-01;2026-04-02;2026-04-06;2026-04-07;2026-04-08;2026-04-09;2026-04-10;2026-04-13;2026-04-14;2026-04-15;2026-04-16,scaled_context_guard:lookback_directional_move_points<=-2.5&session_range_points>=30&minutes_after_rth_open>=90,lookback_fade_push_session_range_30_after_90m,lookback_directional_move_points <= -2.5;session_range_points >= 30;minutes_after_rth_open >= 90,360,199,161,110,49,29,11,117,0.5879397,21144.5,106.25376884,53.58450697,1.35455635,-10550,-6082.5,27227,2026-04-13,-7602,90,109,theory guard selected on train rows only,lower_bound,125,0.35
1,scaled_context_guard_walk_forward_window=56:train_dates=40:holdout_dates=5,holdout,true,2026-04-17;2026-04-20;2026-04-21;2026-04-22;2026-04-23,scaled_context_guard:lookback_directional_move_points<=-2.5&session_range_points>=30&minutes_after_rth_open>=90,lookback_fade_push_session_range_30_after_90m,lookback_directional_move_points <= -2.5;session_range_points >= 30;minutes_after_rth_open >= 90,44,19,25,14,3,1,1,15,0.78947368,6829.5,359.44736842,210.01384484,3.02175844,-2064,12029.5,-5200,2026-04-21,494,14,5,theory guard selected on train rows only,lower_bound,125,0.35
1,scaled_context_guard_walk_forward_window=61:train_dates=40:holdout_dates=5,train,true,2026-02-26;2026-02-27;2026-03-02;2026-03-03;2026-03-04;2026-03-05;2026-03-06;2026-03-09;2026-03-10;2026-03-11;2026-03-12;2026-03-13;2026-03-16;2026-03-17;2026-03-18;2026-03-19;2026-03-20;2026-03-23;2026-03-24;2026-03-25;2026-03-26;2026-03-27;2026-03-30;2026-03-31;2026-04-01;2026-04-02;2026-04-06;2026-04-07;2026-04-08;2026-04-09;2026-04-10;2026-04-13;2026-04-14;2026-04-15;2026-04-16;2026-04-17;2026-04-20;2026-04-21;2026-04-22;2026-04-23,scaled_context_guard:lookback_directional_move_points<=-2.5&session_range_points>=30&minutes_after_rth_open>=90,lookback_fade_push_session_range_30_after_90m,lookback_directional_move_points <= -2.5;session_range_points >= 30;minutes_after_rth_open >= 90,356,198,158,113,49,27,9,120,0.60606061,24301.5,122.73484848,69.71384345,1.41552746,-10550,12033,12268.5,2026-04-13,-7602,93,105,theory guard selected on train rows only,lower_bound,124,0.35
1,scaled_context_guard_walk_forward_window=61:train_dates=40:holdout_dates=5,holdout,true,2026-04-24;2026-04-27;2026-04-28;2026-04-29;2026-04-30,scaled_context_guard:lookback_directional_move_points<=-2.5&session_range_points>=30&minutes_after_rth_open>=90,lookback_fade_push_session_range_30_after_90m,lookback_directional_move_points <= -2.5;session_range_points >= 30;minutes_after_rth_open >= 90,59,32,27,14,5,3,10,21,0.65625,4838.5,151.203125,40.54159356,1.74415564,-2346,-400.5,5239,2026-04-30,-1074,12,20,theory guard selected on train rows only,lower_bound,124,0.35
1,scaled_context_guard_walk_forward_window=66:train_dates=40:holdout_dates=5,train,true,2026-03-05;2026-03-06;2026-03-09;2026-03-10;2026-03-11;2026-03-12;2026-03-13;2026-03-16;2026-03-17;2026-03-18;2026-03-19;2026-03-20;2026-03-23;2026-03-24;2026-03-25;2026-03-26;2026-03-27;2026-03-30;2026-03-31;2026-04-01;2026-04-02;2026-04-06;2026-04-07;2026-04-08;2026-04-09;2026-04-10;2026-04-13;2026-04-14;2026-04-15;2026-04-16;2026-04-17;2026-04-20;2026-04-21;2026-04-22;2026-04-23;2026-04-24;2026-04-27;2026-04-28;2026-04-29;2026-04-30,scaled_context_guard:lookback_directional_move_points<=-2.5&session_range_points>=30&minutes_after_rth_open>=90,lookback_fade_push_session_range_30_after_90m,lookback_directional_move_points <= -2.5;session_range_points >= 30;minutes_after_rth_open >= 90,365,199,166,105,49,27,18,118,0.59296482,18919.5,95.07286432,42.95279614,1.32078095,-10550,-2455,21374.5,2026-04-13,-7602,96,103,theory guard selected on train rows only,lower_bound,127,0.35
1,scaled_context_guard_walk_forward_window=66:train_dates=40:holdout_dates=5,holdout,true,2026-05-01;2026-05-04;2026-05-05;2026-05-06;2026-05-07,scaled_context_guard:lookback_directional_move_points<=-2.5&session_range_points>=30&minutes_after_rth_open>=90,lookback_fade_push_session_range_30_after_90m,lookback_directional_move_points <= -2.5;session_range_points >= 30;minutes_after_rth_open >= 90,52,25,27,15,6,2,2,16,0.64,3725,149,-1.47444966,1.50763151,-2960,-1164,4889,2026-05-04,-1628,16,9,theory guard selected on train rows only,lower_bound,127,0.35
1,scaled_context_guard_walk_forward_window=71:train_dates=40:holdout_dates=5,train,true,2026-03-12;2026-03-13;2026-03-16;2026-03-17;2026-03-18;2026-03-19;2026-03-20;2026-03-23;2026-03-24;2026-03-25;2026-03-26;2026-03-27;2026-03-30;2026-03-31;2026-04-01;2026-04-02;2026-04-06;2026-04-07;2026-04-08;2026-04-09;2026-04-10;2026-04-13;2026-04-14;2026-04-15;2026-04-16;2026-04-17;2026-04-20;2026-04-21;2026-04-22;2026-04-23;2026-04-24;2026-04-27;2026-04-28;2026-04-29;2026-04-30;2026-05-01;2026-05-04;2026-05-05;2026-05-06;2026-05-07,scaled_context_guard:lookback_directional_move_points<=-2.5&session_range_points>=30&minutes_after_rth_open>=90,lookback_fade_push_session_range_30_after_90m,lookback_directional_move_points <= -2.5;session_range_points >= 30;minutes_after_rth_open >= 90,375,204,171,109,50,25,20,123,0.60294118,21034.5,103.11029412,51.5583792,1.35040272,-10550,-4025,25059.5,2026-04-13,-7602,103,101,theory guard selected on train rows only,lower_bound,131,0.35
1,scaled_context_guard_walk_forward_window=71:train_dates=40:holdout_dates=5,holdout,true,2026-05-08;2026-05-11;2026-05-12;2026-05-13;2026-05-14,scaled_context_guard:lookback_directional_move_points<=-2.5&session_range_points>=30&minutes_after_rth_open>=90,lookback_fade_push_session_range_30_after_90m,lookback_directional_move_points <= -2.5;session_range_points >= 30;minutes_after_rth_open >= 90,54,30,24,10,10,2,8,18,0.6,-1722.5,-57.41666667,-192.78202019,0.84174017,-10320,-2165.5,443,2026-05-13,-5468.5,7,23,theory guard selected on train rows only,lower_bound,131,0.35
1,scaled_context_guard_walk_forward_window=76:train_dates=40:holdout_dates=5,train,true,2026-03-19;2026-03-20;2026-03-23;2026-03-24;2026-03-25;2026-03-26;2026-03-27;2026-03-30;2026-03-31;2026-04-01;2026-04-02;2026-04-06;2026-04-07;2026-04-08;2026-04-09;2026-04-10;2026-04-13;2026-04-14;2026-04-15;2026-04-16;2026-04-17;2026-04-20;2026-04-21;2026-04-22;2026-04-23;2026-04-24;2026-04-27;2026-04-28;2026-04-29;2026-04-30;2026-05-01;2026-05-04;2026-05-05;2026-05-06;2026-05-07;2026-05-08;2026-05-11;2026-05-12;2026-05-13;2026-05-14,scaled_context_guard:lookback_directional_move_points<=-2.5&session_range_points>=30&minutes_after_rth_open>=90,lookback_fade_push_session_range_30_after_90m,lookback_directional_move_points <= -2.5;session_range_points >= 30;minutes_after_rth_open >= 90,387,212,175,105,58,23,26,125,0.58962264,12028.5,56.73820755,5.29969187,1.17761715,-10550,-3559,15587.5,2026-04-13,-7602,93,119,theory guard selected on train rows only,lower_bound,135,0.35
1,scaled_context_guard_walk_forward_window=76:train_dates=40:holdout_dates=5,holdout,true,2026-05-15;2026-05-18;2026-05-19;2026-05-20;2026-05-21,scaled_context_guard:lookback_directional_move_points<=-2.5&session_range_points>=30&minutes_after_rth_open>=90,lookback_fade_push_session_range_30_after_90m,lookback_directional_move_points <= -2.5;session_range_points >= 30;minutes_after_rth_open >= 90,47,25,22,12,9,2,2,13,0.52,-1112.5,-44.5,-205.12378404,0.89022104,-4230,-4316.5,3204,2026-05-15,-2378,11,14,theory guard selected on train rows only,lower_bound,135,0.35
1,scaled_context_guard_walk_forward_window=81:train_dates=40:holdout_dates=5,train,true,2026-03-26;2026-03-27;2026-03-30;2026-03-31;2026-04-01;2026-04-02;2026-04-06;2026-04-07;2026-04-08;2026-04-09;2026-04-10;2026-04-13;2026-04-14;2026-04-15;2026-04-16;2026-04-17;2026-04-20;2026-04-21;2026-04-22;2026-04-23;2026-04-24;2026-04-27;2026-04-28;2026-04-29;2026-04-30;2026-05-01;2026-05-04;2026-05-05;2026-05-06;2026-05-07;2026-05-08;2026-05-11;2026-05-12;2026-05-13;2026-05-14;2026-05-15;2026-05-18;2026-05-19;2026-05-20;2026-05-21,scaled_context_guard:lookback_directional_move_points<=-2.5&session_range_points>=30&minutes_after_rth_open>=90,lookback_fade_push_session_range_30_after_90m,lookback_directional_move_points <= -2.5;session_range_points >= 30;minutes_after_rth_open >= 90,385,208,177,100,60,21,27,121,0.58173077,7131.5,34.28605769,-18.1571917,1.10270905,-11706,-15270,22401.5,2026-04-13,-7602,90,118,theory guard selected on train rows only,lower_bound,134,0.35
1,scaled_context_guard_walk_forward_window=81:train_dates=40:holdout_dates=5,holdout,true,2026-05-22;2026-05-25;2026-05-26;2026-05-27;2026-05-28,scaled_context_guard:lookback_directional_move_points<=-2.5&session_range_points>=30&minutes_after_rth_open>=90,lookback_fade_push_session_range_30_after_90m,lookback_directional_move_points <= -2.5;session_range_points >= 30;minutes_after_rth_open >= 90,38,16,22,5,4,0,7,8,0.5,-649.5,-40.59375,-209.23780945,0.87122038,-2647.5,4871.5,-5521,2026-05-28,-2647.5,6,10,theory guard selected on train rows only,lower_bound,134,0.35
1,scaled_context_guard_walk_forward_window=86:train_dates=40:holdout_dates=5,train,true,2026-04-02;2026-04-06;2026-04-07;2026-04-08;2026-04-09;2026-04-10;2026-04-13;2026-04-14;2026-04-15;2026-04-16;2026-04-17;2026-04-20;2026-04-21;2026-04-22;2026-04-23;2026-04-24;2026-04-27;2026-04-28;2026-04-29;2026-04-30;2026-05-01;2026-05-04;2026-05-05;2026-05-06;2026-05-07;2026-05-08;2026-05-11;2026-05-12;2026-05-13;2026-05-14;2026-05-15;2026-05-18;2026-05-19;2026-05-20;2026-05-21;2026-05-22;2026-05-25;2026-05-26;2026-05-27;2026-05-28,scaled_context_guard:lookback_directional_move_points<=-2.5&session_range_points>=30&risk_to_average_bar_range<=2.5,lookback_fade_push_session_range_30_risk_avg_2.5,lookback_directional_move_points <= -2.5;session_range_points >= 30;risk_to_average_bar_range <= 2.5,383,159,224,89,43,21,6,95,0.59748428,14799.5,93.07861635,32.62325523,1.29423635,-8399,-4118.5,18918,2026-04-13,-4788,75,84,theory guard selected on train rows only,lower_bound,134,0.35
1,scaled_context_guard_walk_forward_window=86:train_dates=40:holdout_dates=5,holdout,true,2026-05-29;2026-06-01;2026-06-02;2026-06-03;2026-06-04,scaled_context_guard:lookback_directional_move_points<=-2.5&session_range_points>=30&risk_to_average_bar_range<=2.5,lookback_fade_push_session_range_30_risk_avg_2.5,lookback_directional_move_points <= -2.5;session_range_points >= 30;risk_to_average_bar_range <= 2.5,40,12,28,8,1,3,0,8,0.66666667,3866,322.16666667,151.74456678,3.05857295,-1314,2645,1221,2026-06-04,-564,4,8,theory guard selected on train rows only,lower_bound,134,0.35
1,scaled_context_guard_walk_forward_window=91:train_dates=40:holdout_dates=5,train,true,2026-04-10;2026-04-13;2026-04-14;2026-04-15;2026-04-16;2026-04-17;2026-04-20;2026-04-21;2026-04-22;2026-04-23;2026-04-24;2026-04-27;2026-04-28;2026-04-29;2026-04-30;2026-05-01;2026-05-04;2026-05-05;2026-05-06;2026-05-07;2026-05-08;2026-05-11;2026-05-12;2026-05-13;2026-05-14;2026-05-15;2026-05-18;2026-05-19;2026-05-20;2026-05-21;2026-05-22;2026-05-25;2026-05-26;2026-05-27;2026-05-28;2026-05-29;2026-06-01;2026-06-02;2026-06-03;2026-06-04,scaled_context_guard:lookback_directional_move_points<=-2.5&session_range_points>=30&risk_to_average_bar_range<=2.5,lookback_fade_push_session_range_30_risk_avg_2.5,lookback_directional_move_points <= -2.5;session_range_points >= 30;risk_to_average_bar_range <= 2.5,382,145,237,83,36,22,4,87,0.6,16835,116.10344828,53.99326907,1.38829689,-8399,176,16659,2026-04-13,-4788,69,76,theory guard selected on train rows only,lower_bound,133,0.35
1,scaled_context_guard_walk_forward_window=91:train_dates=40:holdout_dates=5,holdout,true,2026-06-05;2026-06-08;2026-06-09;2026-06-10;2026-06-11,scaled_context_guard:lookback_directional_move_points<=-2.5&session_range_points>=30&risk_to_average_bar_range<=2.5,lookback_fade_push_session_range_30_risk_avg_2.5,lookback_directional_move_points <= -2.5;session_range_points >= 30;risk_to_average_bar_range <= 2.5,50,38,12,23,11,4,0,23,0.60526316,4034,106.15789474,-21.30990863,1.32323718,-4442,2900,1134,2026-06-05,-3724,25,13,theory guard selected on train rows only,lower_bound,133,0.35
1,scaled_context_guard_walk_forward_window=96:train_dates=40:holdout_dates=5,train,true,2026-04-17;2026-04-20;2026-04-21;2026-04-22;2026-04-23;2026-04-24;2026-04-27;2026-04-28;2026-04-29;2026-04-30;2026-05-01;2026-05-04;2026-05-05;2026-05-06;2026-05-07;2026-05-08;2026-05-11;2026-05-12;2026-05-13;2026-05-14;2026-05-15;2026-05-18;2026-05-19;2026-05-20;2026-05-21;2026-05-22;2026-05-25;2026-05-26;2026-05-27;2026-05-28;2026-05-29;2026-06-01;2026-06-02;2026-06-03;2026-06-04;2026-06-05;2026-06-08;2026-06-09;2026-06-10;2026-06-11,scaled_context_guard:lookback_directional_move_points<=-2.5&session_range_points>=30&risk_to_average_bar_range<=2.5,lookback_fade_push_session_range_30_risk_avg_2.5,lookback_directional_move_points <= -2.5;session_range_points >= 30;risk_to_average_bar_range <= 2.5,384,166,218,100,43,19,4,104,0.62650602,22663,136.52409639,77.51603096,1.45568424,-8399,14399.5,8263.5,2026-06-05,-3724,90,76,theory guard selected on train rows only,lower_bound,134,0.35
1,scaled_context_guard_walk_forward_window=96:train_dates=40:holdout_dates=5,holdout,true,2026-06-12;2026-06-15;2026-06-16;2026-06-17;2026-06-18,scaled_context_guard:lookback_directional_move_points<=-2.5&session_range_points>=30&risk_to_average_bar_range<=2.5,lookback_fade_push_session_range_30_risk_avg_2.5,lookback_directional_move_points <= -2.5;session_range_points >= 30;risk_to_average_bar_range <= 2.5,48,25,23,15,7,3,0,15,0.6,2700,108,-47.61490931,1.33457249,-2224,-36,2736,2026-06-16,-1192,13,12,theory guard selected on train rows only,lower_bound,134,0.35
1,scaled_context_guard_walk_forward_window=101:train_dates=40:holdout_dates=5,train,true,2026-04-24;2026-04-27;2026-04-28;2026-04-29;2026-04-30;2026-05-01;2026-05-04;2026-05-05;2026-05-06;2026-05-07;2026-05-08;2026-05-11;2026-05-12;2026-05-13;2026-05-14;2026-05-15;2026-05-18;2026-05-19;2026-05-20;2026-05-21;2026-05-22;2026-05-25;2026-05-26;2026-05-27;2026-05-28;2026-05-29;2026-06-01;2026-06-02;2026-06-03;2026-06-04;2026-06-05;2026-06-08;2026-06-09;2026-06-10;2026-06-11;2026-06-12;2026-06-15;2026-06-16;2026-06-17;2026-06-18,scaled_context_guard:lookback_directional_move_points<=-2.5&session_range_points>=30&risk_to_average_bar_range<=2.5,lookback_fade_push_session_range_30_risk_avg_2.5,lookback_directional_move_points <= -2.5;session_range_points >= 30;risk_to_average_bar_range <= 2.5,388,171,217,100,46,21,4,104,0.60818713,19003,111.12865497,52.56583382,1.35590141,-8399,2334,16669,2026-06-05,-3724,89,82,theory guard selected on train rows only,lower_bound,135,0.35
1,scaled_context_guard_walk_forward_window=101:train_dates=40:holdout_dates=5,holdout,true,2026-06-19;2026-06-22;2026-06-23;2026-06-24;2026-06-25,scaled_context_guard:lookback_directional_move_points<=-2.5&session_range_points>=30&risk_to_average_bar_range<=2.5,lookback_fade_push_session_range_30_risk_avg_2.5,lookback_directional_move_points <= -2.5;session_range_points >= 30;risk_to_average_bar_range <= 2.5,38,20,18,15,3,2,0,15,0.75,7110,355.5,209.21795223,2.94262295,-1346,8534,-1424,2026-06-23,-910,16,4,theory guard selected on train rows only,lower_bound,135,0.35
