schema_version,diagnostic_id,outcome_id,signal_id,symbol,direction,entry_time,exit_time,entry_bar_index,exit_bar_index,entry_price,stop_price,target_price,exit_reason,scanned_bars,risk_points,target_distance_points,max_favorable_points,max_favorable_r,max_adverse_points,max_adverse_r,first_target_bar_index,first_target_time,first_stop_bar_index,first_stop_time,bars_to_max_favorable,bars_to_max_adverse,diagnostic_label,notes
1,liquidity_sweep_absorption_reversal_ESU26-CME_165:target_hit:173:path,liquidity_sweep_absorption_reversal_ESU26-CME_165:target_hit:173,liquidity_sweep_absorption_reversal_ESU26-CME_165,ESU26-CME,long,2026-05-21  11:10:50,2026-5-21 11:13:47.303000,165,173,7472.25,7467.25,7483.875,target_hit,8,5,11.625,12.25,2.45,0.25,0.05,173,2026-5-21 11:13:47.303000,,,8,3,target_reached_stop_not_reached,path diagnostic from first bar after entry through evaluated exit
1,liquidity_sweep_absorption_reversal_ESU26-CME_263:stop_hit:276:path,liquidity_sweep_absorption_reversal_ESU26-CME_263:stop_hit:276,liquidity_sweep_absorption_reversal_ESU26-CME_263,ESU26-CME,short,2026-05-21  13:12:42,2026-5-21 13:15:27.913000,263,276,7496.75,7501.75,7483.875,stop_hit,13,5,12.875,0.75,0.15,6.75,1.35,,,276,2026-5-21 13:15:27.913000,1,13,stop_reached_target_not_reached,path diagnostic from first bar after entry through evaluated exit
1,liquidity_sweep_absorption_reversal_ESU26-CME_616:target_hit:637:path,liquidity_sweep_absorption_reversal_ESU26-CME_616:target_hit:637,liquidity_sweep_absorption_reversal_ESU26-CME_616,ESU26-CME,long,2026-05-22  10:31:37,2026-5-22 11:05:14.014000,616,637,7552,7548.75,7562.625,target_hit,21,3.25,10.625,10.75,3.30769231,2.25,0.69230769,637,2026-5-22 11:05:14.014000,,,21,1,target_reached_stop_not_reached,path diagnostic from first bar after entry through evaluated exit
1,liquidity_sweep_absorption_reversal_ESU26-CME_771:target_hit:801:path,liquidity_sweep_absorption_reversal_ESU26-CME_771:target_hit:801,liquidity_sweep_absorption_reversal_ESU26-CME_771,ESU26-CME,short,2026-05-22  13:37:14,2026-5-22 14:04:19.453001,771,801,7573.5,7579.75,7562.625,target_hit,30,6.25,10.875,11,1.76,5.25,0.84,801,2026-5-22 14:04:19.453001,,,30,3,target_reached_stop_not_reached,path diagnostic from first bar after entry through evaluated exit
1,liquidity_sweep_absorption_reversal_ESU26-CME_918:target_hit:919:path,liquidity_sweep_absorption_reversal_ESU26-CME_918:target_hit:919,liquidity_sweep_absorption_reversal_ESU26-CME_918,ESU26-CME,long,2026-05-25  11:10:55,2026-5-25 11:10:56.625000,918,919,7620.75,7618.25,7622.375,target_hit,1,2.5,1.625,1.75,0.7,0,0,919,2026-5-25 11:10:56.625000,,,1,,target_reached_stop_not_reached,path diagnostic from first bar after entry through evaluated exit
1,liquidity_sweep_absorption_reversal_ESU26-CME_934:target_hit:937:path,liquidity_sweep_absorption_reversal_ESU26-CME_934:target_hit:937,liquidity_sweep_absorption_reversal_ESU26-CME_934,ESU26-CME,short,2026-05-25  11:14:19,2026-5-25 11:21:44.536000,934,937,7624.75,7627.25,7622.375,target_hit,3,2.5,2.375,3.75,1.5,0,0,937,2026-5-25 11:21:44.536000,,,3,,target_reached_stop_not_reached,path diagnostic from first bar after entry through evaluated exit
1,liquidity_sweep_absorption_reversal_ESU26-CME_1043:target_hit:1058:path,liquidity_sweep_absorption_reversal_ESU26-CME_1043:target_hit:1058,liquidity_sweep_absorption_reversal_ESU26-CME_1043,ESU26-CME,short,2026-05-26  11:02:56,2026-5-26 11:28:00.261000,1043,1058,7602.25,7605.5,7594.375,target_hit,15,3.25,7.875,9.25,2.84615385,0.25,0.07692308,1058,2026-5-26 11:28:00.261000,,,15,7,target_reached_stop_not_reached,path diagnostic from first bar after entry through evaluated exit
1,liquidity_sweep_absorption_reversal_ESU26-CME_1104:stop_hit:1118:path,liquidity_sweep_absorption_reversal_ESU26-CME_1104:stop_hit:1118,liquidity_sweep_absorption_reversal_ESU26-CME_1104,ESU26-CME,long,2026-05-26  12:17:53,2026-5-26 13:23:31.621000,1104,1118,7585.75,7583,7594.375,stop_hit,14,2.75,8.625,8.25,3,4.25,1.54545455,,,1118,2026-5-26 13:23:31.621000,5,14,stop_reached_target_not_reached,path diagnostic from first bar after entry through evaluated exit
1,liquidity_sweep_absorption_reversal_ESU26-CME_1298:stop_hit:1308:path,liquidity_sweep_absorption_reversal_ESU26-CME_1298:stop_hit:1308,liquidity_sweep_absorption_reversal_ESU26-CME_1298,ESU26-CME,long,2026-05-27  11:25:16,2026-5-27 11:43:29.342000,1298,1308,7588.25,7585,7596.625,stop_hit,10,3.25,8.375,7.25,2.23076923,4,1.23076923,,,1308,2026-5-27 11:43:29.342000,6,10,stop_reached_target_not_reached,path diagnostic from first bar after entry through evaluated exit
1,liquidity_sweep_absorption_reversal_ESU26-CME_1796:target_hit:1843:path,liquidity_sweep_absorption_reversal_ESU26-CME_1796:target_hit:1843,liquidity_sweep_absorption_reversal_ESU26-CME_1796,ESU26-CME,long,2026-05-29  10:51:24,2026-5-29 11:10:57.718000,1796,1843,7653,7646.5,7661,target_hit,47,6.5,8,9.25,1.42307692,5.25,0.80769231,1843,2026-5-29 11:10:57.718000,,,47,11,target_reached_stop_not_reached,path diagnostic from first bar after entry through evaluated exit
1,liquidity_sweep_absorption_reversal_ESU26-CME_2243:stop_hit:2246:path,liquidity_sweep_absorption_reversal_ESU26-CME_2243:stop_hit:2246,liquidity_sweep_absorption_reversal_ESU26-CME_2243,ESU26-CME,short,2026-06-01  11:31:21,2026-6-1 11:33:53.802000,2243,2246,7657,7661.25,7649.125,stop_hit,3,4.25,7.875,0.25,0.05882353,4.25,1,,,2246,2026-6-1 11:33:53.802000,1,3,stop_reached_target_not_reached,path diagnostic from first bar after entry through evaluated exit
1,liquidity_sweep_absorption_reversal_ESU26-CME_3013:stop_hit:3032:path,liquidity_sweep_absorption_reversal_ESU26-CME_3013:stop_hit:3032,liquidity_sweep_absorption_reversal_ESU26-CME_3013,ESU26-CME,long,2026-06-03  12:57:17,2026-6-3 13:13:35.987005,3013,3032,7638.25,7633,7656.625,stop_hit,19,5.25,18.375,2.5,0.47619048,5.5,1.04761905,,,3032,2026-6-3 13:13:35.987005,11,19,stop_reached_target_not_reached,path diagnostic from first bar after entry through evaluated exit
1,liquidity_sweep_absorption_reversal_ESU26-CME_3355:stop_hit:3357:path,liquidity_sweep_absorption_reversal_ESU26-CME_3355:stop_hit:3357,liquidity_sweep_absorption_reversal_ESU26-CME_3355,ESU26-CME,short,2026-06-04  10:32:05,2026-6-4 10:34:24.124000,3355,3357,7626.75,7629.25,7616.25,stop_hit,2,2.5,10.5,0,0,3.75,1.5,,,3357,2026-6-4 10:34:24.124000,,2,stop_reached_target_not_reached,path diagnostic from first bar after entry through evaluated exit
1,liquidity_sweep_absorption_reversal_ESU26-CME_5390:stop_hit:5393:path,liquidity_sweep_absorption_reversal_ESU26-CME_5390:stop_hit:5393,liquidity_sweep_absorption_reversal_ESU26-CME_5390,ESU26-CME,short,2026-06-08  11:18:08,2026-6-8 11:18:28.787000,5390,5393,7529.5,7533.75,7511.25,stop_hit,3,4.25,18.25,0,0,5,1.17647059,,,5393,2026-6-8 11:18:28.787000,,3,stop_reached_target_not_reached,path diagnostic from first bar after entry through evaluated exit
1,liquidity_sweep_absorption_reversal_ESU26-CME_5659:stop_hit:5666:path,liquidity_sweep_absorption_reversal_ESU26-CME_5659:stop_hit:5666,liquidity_sweep_absorption_reversal_ESU26-CME_5659,ESU26-CME,long,2026-06-08  13:15:04,2026-6-8 13:18:26.519000,5659,5666,7495.5,7488,7511.25,stop_hit,7,7.5,15.75,0,0,8.75,1.16666667,,,5666,2026-6-8 13:18:26.519000,,7,stop_reached_target_not_reached,path diagnostic from first bar after entry through evaluated exit
1,liquidity_sweep_absorption_reversal_ESU26-CME_11477:stop_hit:11517:path,liquidity_sweep_absorption_reversal_ESU26-CME_11477:stop_hit:11517,liquidity_sweep_absorption_reversal_ESU26-CME_11477,ESU26-CME,short,2026-06-10  10:30:57,2026-6-10 10:33:52.736000,11477,11517,7451.25,7453.75,7424.625,stop_hit,40,2.5,26.625,11.25,4.5,3,1.2,,,11517,2026-6-10 10:33:52.736000,11,40,stop_reached_target_not_reached,path diagnostic from first bar after entry through evaluated exit
1,liquidity_sweep_absorption_reversal_ESU26-CME_12007:stop_hit:12009:path,liquidity_sweep_absorption_reversal_ESU26-CME_12007:stop_hit:12009,liquidity_sweep_absorption_reversal_ESU26-CME_12007,ESU26-CME,long,2026-06-10  11:10:45,2026-6-10 11:11:00.029000,12007,12009,7397.5,7395.5,7424.625,stop_hit,2,2,27.125,0,0,3.5,1.75,,,12009,2026-6-10 11:11:00.029000,,2,stop_reached_target_not_reached,path diagnostic from first bar after entry through evaluated exit
1,liquidity_sweep_absorption_reversal_ESU26-CME_16761:stop_hit:16766:path,liquidity_sweep_absorption_reversal_ESU26-CME_16761:stop_hit:16766,liquidity_sweep_absorption_reversal_ESU26-CME_16761,ESU26-CME,long,2026-06-11  10:58:10,2026-6-11 10:58:21.309000,16761,16766,7344.75,7341.25,7370.625,stop_hit,5,3.5,25.875,0.5,0.14285714,3.75,1.07142857,,,16766,2026-6-11 10:58:21.309000,1,5,stop_reached_target_not_reached,path diagnostic from first bar after entry through evaluated exit
1,liquidity_sweep_absorption_reversal_ESU26-CME_19000:stop_hit:19070:path,liquidity_sweep_absorption_reversal_ESU26-CME_19000:stop_hit:19070,liquidity_sweep_absorption_reversal_ESU26-CME_19000,ESU26-CME,short,2026-06-11  13:29:26,2026-6-11 13:29:52.724000,19000,19070,7395.75,7400.5,7370.625,stop_hit,70,4.75,25.125,11,2.31578947,4.75,1,,,19070,2026-6-11 13:29:52.724000,21,70,stop_reached_target_not_reached,path diagnostic from first bar after entry through evaluated exit
1,liquidity_sweep_absorption_reversal_ESU26-CME_24697:stop_hit:24701:path,liquidity_sweep_absorption_reversal_ESU26-CME_24697:stop_hit:24701,liquidity_sweep_absorption_reversal_ESU26-CME_24697,ESU26-CME,short,2026-06-12  10:54:39,2026-6-12 10:54:39.464000,24697,24701,7487.25,7490.75,7458.75,stop_hit,4,3.5,28.5,0.25,0.07142857,3.75,1.07142857,,,24701,2026-6-12 10:54:39.464000,1,4,stop_reached_target_not_reached,path diagnostic from first bar after entry through evaluated exit
1,liquidity_sweep_absorption_reversal_ESU26-CME_32971:stop_hit:33027:path,liquidity_sweep_absorption_reversal_ESU26-CME_32971:stop_hit:33027,liquidity_sweep_absorption_reversal_ESU26-CME_32971,ESU26-CME,long,2026-06-17  10:42:16,2026-6-17 10:47:14.417000,32971,33027,7581.25,7579.25,7590.5,stop_hit,56,2,9.25,7.5,3.75,2.25,1.125,,,33027,2026-6-17 10:47:14.417000,38,56,stop_reached_target_not_reached,path diagnostic from first bar after entry through evaluated exit
1,liquidity_sweep_absorption_reversal_ESU26-CME_42907:stop_hit:42909:path,liquidity_sweep_absorption_reversal_ESU26-CME_42907:stop_hit:42909,liquidity_sweep_absorption_reversal_ESU26-CME_42907,ESU26-CME,short,2026-06-19  10:46:47,2026-6-19 10:52:22.843000,42907,42909,7563,7564.75,7559.75,stop_hit,2,1.75,3.25,0.25,0.14285714,1.75,1,,,42909,2026-6-19 10:52:22.843000,1,2,stop_reached_target_not_reached,path diagnostic from first bar after entry through evaluated exit
1,liquidity_sweep_absorption_reversal_ESU26-CME_43034:stop_hit:43046:path,liquidity_sweep_absorption_reversal_ESU26-CME_43034:stop_hit:43046,liquidity_sweep_absorption_reversal_ESU26-CME_43034,ESU26-CME,long,2026-06-19  12:59:30,2026-6-19 12:59:58.000071,43034,43046,7557,7554.25,7559.75,stop_hit,12,2.75,2.75,1,0.36363636,3,1.09090909,,,43046,2026-6-19 12:59:58.000071,9,12,stop_reached_target_not_reached,path diagnostic from first bar after entry through evaluated exit
