schema_version,experiment_id,strategy_id,direction_filter,target_r_multiple,breakeven_trigger_r,input_signal_rows,input_candidates,evaluated_trades,target_hits,losses,breakeven_exits,other_exits,win_rate,gross_usd,net_usd,average_net_usd,long_trades,short_trades,notes
1,signal_breakeven_stop:strategy=liquidity_sweep_absorption_reversal:direction=all:target_r=1:breakeven_trigger_r=0.5,liquidity_sweep_absorption_reversal,all,1,0.5,43048,23,23,9,11,3,0,0.39130435,-437.5,-1093,-47.52173913,12,11,"post-signal dynamic exit sweep using logged entry/stop, replacement target R, and breakeven stop trigger"
1,signal_breakeven_stop:strategy=liquidity_sweep_absorption_reversal:direction=long:target_r=1:breakeven_trigger_r=0.5,liquidity_sweep_absorption_reversal,long,1,0.5,43048,12,12,4,5,3,0,0.33333333,-337.5,-679.5,-56.625,12,0,"post-signal dynamic exit sweep using logged entry/stop, replacement target R, and breakeven stop trigger"
1,signal_breakeven_stop:strategy=liquidity_sweep_absorption_reversal:direction=short:target_r=1:breakeven_trigger_r=0.5,liquidity_sweep_absorption_reversal,short,1,0.5,43048,11,11,5,6,0,0,0.45454545,-100,-413.5,-37.59090909,0,11,"post-signal dynamic exit sweep using logged entry/stop, replacement target R, and breakeven stop trigger"
1,signal_breakeven_stop:strategy=liquidity_sweep_absorption_reversal:direction=all:target_r=1:breakeven_trigger_r=0.75,liquidity_sweep_absorption_reversal,all,1,0.75,43048,23,23,11,11,1,0,0.47826087,12.5,-643,-27.95652174,12,11,"post-signal dynamic exit sweep using logged entry/stop, replacement target R, and breakeven stop trigger"
1,signal_breakeven_stop:strategy=liquidity_sweep_absorption_reversal:direction=long:target_r=1:breakeven_trigger_r=0.75,liquidity_sweep_absorption_reversal,long,1,0.75,43048,12,12,6,5,1,0,0.5,112.5,-229.5,-19.125,12,0,"post-signal dynamic exit sweep using logged entry/stop, replacement target R, and breakeven stop trigger"
1,signal_breakeven_stop:strategy=liquidity_sweep_absorption_reversal:direction=short:target_r=1:breakeven_trigger_r=0.75,liquidity_sweep_absorption_reversal,short,1,0.75,43048,11,11,5,6,0,0,0.45454545,-100,-413.5,-37.59090909,0,11,"post-signal dynamic exit sweep using logged entry/stop, replacement target R, and breakeven stop trigger"
1,signal_breakeven_stop:strategy=liquidity_sweep_absorption_reversal:direction=all:target_r=1.25:breakeven_trigger_r=0.5,liquidity_sweep_absorption_reversal,all,1.25,0.5,43048,23,23,8,11,4,0,0.34782609,-221.875,-877.375,-38.14673913,12,11,"post-signal dynamic exit sweep using logged entry/stop, replacement target R, and breakeven stop trigger"
1,signal_breakeven_stop:strategy=liquidity_sweep_absorption_reversal:direction=long:target_r=1.25:breakeven_trigger_r=0.5,liquidity_sweep_absorption_reversal,long,1.25,0.5,43048,12,12,4,5,3,0,0.33333333,-159.375,-501.375,-41.78125,12,0,"post-signal dynamic exit sweep using logged entry/stop, replacement target R, and breakeven stop trigger"
1,signal_breakeven_stop:strategy=liquidity_sweep_absorption_reversal:direction=short:target_r=1.25:breakeven_trigger_r=0.5,liquidity_sweep_absorption_reversal,short,1.25,0.5,43048,11,11,4,6,1,0,0.36363636,-62.5,-376,-34.18181818,0,11,"post-signal dynamic exit sweep using logged entry/stop, replacement target R, and breakeven stop trigger"
1,signal_breakeven_stop:strategy=liquidity_sweep_absorption_reversal:direction=all:target_r=1.25:breakeven_trigger_r=0.75,liquidity_sweep_absorption_reversal,all,1.25,0.75,43048,23,23,9,11,3,0,0.39130435,-65.625,-721.125,-31.35326087,12,11,"post-signal dynamic exit sweep using logged entry/stop, replacement target R, and breakeven stop trigger"
1,signal_breakeven_stop:strategy=liquidity_sweep_absorption_reversal:direction=long:target_r=1.25:breakeven_trigger_r=0.75,liquidity_sweep_absorption_reversal,long,1.25,0.75,43048,12,12,5,5,2,0,0.41666667,-3.125,-345.125,-28.76041667,12,0,"post-signal dynamic exit sweep using logged entry/stop, replacement target R, and breakeven stop trigger"
1,signal_breakeven_stop:strategy=liquidity_sweep_absorption_reversal:direction=short:target_r=1.25:breakeven_trigger_r=0.75,liquidity_sweep_absorption_reversal,short,1.25,0.75,43048,11,11,4,6,1,0,0.36363636,-62.5,-376,-34.18181818,0,11,"post-signal dynamic exit sweep using logged entry/stop, replacement target R, and breakeven stop trigger"
1,signal_breakeven_stop:strategy=liquidity_sweep_absorption_reversal:direction=all:target_r=1.25:breakeven_trigger_r=1,liquidity_sweep_absorption_reversal,all,1.25,1,43048,23,23,10,11,2,0,0.43478261,59.375,-596.125,-25.91847826,12,11,"post-signal dynamic exit sweep using logged entry/stop, replacement target R, and breakeven stop trigger"
1,signal_breakeven_stop:strategy=liquidity_sweep_absorption_reversal:direction=long:target_r=1.25:breakeven_trigger_r=1,liquidity_sweep_absorption_reversal,long,1.25,1,43048,12,12,6,5,1,0,0.5,121.875,-220.125,-18.34375,12,0,"post-signal dynamic exit sweep using logged entry/stop, replacement target R, and breakeven stop trigger"
1,signal_breakeven_stop:strategy=liquidity_sweep_absorption_reversal:direction=short:target_r=1.25:breakeven_trigger_r=1,liquidity_sweep_absorption_reversal,short,1.25,1,43048,11,11,4,6,1,0,0.36363636,-62.5,-376,-34.18181818,0,11,"post-signal dynamic exit sweep using logged entry/stop, replacement target R, and breakeven stop trigger"
1,signal_breakeven_stop:strategy=liquidity_sweep_absorption_reversal:direction=all:target_r=1.5:breakeven_trigger_r=0.5,liquidity_sweep_absorption_reversal,all,1.5,0.5,43048,23,23,8,11,4,0,0.34782609,156.25,-499.25,-21.70652174,12,11,"post-signal dynamic exit sweep using logged entry/stop, replacement target R, and breakeven stop trigger"
1,signal_breakeven_stop:strategy=liquidity_sweep_absorption_reversal:direction=long:target_r=1.5:breakeven_trigger_r=0.5,liquidity_sweep_absorption_reversal,long,1.5,0.5,43048,12,12,4,5,3,0,0.33333333,18.75,-323.25,-26.9375,12,0,"post-signal dynamic exit sweep using logged entry/stop, replacement target R, and breakeven stop trigger"
1,signal_breakeven_stop:strategy=liquidity_sweep_absorption_reversal:direction=short:target_r=1.5:breakeven_trigger_r=0.5,liquidity_sweep_absorption_reversal,short,1.5,0.5,43048,11,11,4,6,1,0,0.36363636,137.5,-176,-16,0,11,"post-signal dynamic exit sweep using logged entry/stop, replacement target R, and breakeven stop trigger"
1,signal_breakeven_stop:strategy=liquidity_sweep_absorption_reversal:direction=all:target_r=1.5:breakeven_trigger_r=0.75,liquidity_sweep_absorption_reversal,all,1.5,0.75,43048,23,23,9,11,3,0,0.39130435,343.75,-311.75,-13.55434783,12,11,"post-signal dynamic exit sweep using logged entry/stop, replacement target R, and breakeven stop trigger"
1,signal_breakeven_stop:strategy=liquidity_sweep_absorption_reversal:direction=long:target_r=1.5:breakeven_trigger_r=0.75,liquidity_sweep_absorption_reversal,long,1.5,0.75,43048,12,12,5,5,2,0,0.41666667,206.25,-135.75,-11.3125,12,0,"post-signal dynamic exit sweep using logged entry/stop, replacement target R, and breakeven stop trigger"
1,signal_breakeven_stop:strategy=liquidity_sweep_absorption_reversal:direction=short:target_r=1.5:breakeven_trigger_r=0.75,liquidity_sweep_absorption_reversal,short,1.5,0.75,43048,11,11,4,6,1,0,0.36363636,137.5,-176,-16,0,11,"post-signal dynamic exit sweep using logged entry/stop, replacement target R, and breakeven stop trigger"
1,signal_breakeven_stop:strategy=liquidity_sweep_absorption_reversal:direction=all:target_r=1.5:breakeven_trigger_r=1,liquidity_sweep_absorption_reversal,all,1.5,1,43048,23,23,10,11,2,0,0.43478261,493.75,-161.75,-7.0326087,12,11,"post-signal dynamic exit sweep using logged entry/stop, replacement target R, and breakeven stop trigger"
1,signal_breakeven_stop:strategy=liquidity_sweep_absorption_reversal:direction=long:target_r=1.5:breakeven_trigger_r=1,liquidity_sweep_absorption_reversal,long,1.5,1,43048,12,12,6,5,1,0,0.5,356.25,14.25,1.1875,12,0,"post-signal dynamic exit sweep using logged entry/stop, replacement target R, and breakeven stop trigger"
1,signal_breakeven_stop:strategy=liquidity_sweep_absorption_reversal:direction=short:target_r=1.5:breakeven_trigger_r=1,liquidity_sweep_absorption_reversal,short,1.5,1,43048,11,11,4,6,1,0,0.36363636,137.5,-176,-16,0,11,"post-signal dynamic exit sweep using logged entry/stop, replacement target R, and breakeven stop trigger"
1,signal_breakeven_stop:strategy=liquidity_sweep_absorption_reversal:direction=all:target_r=1.5:breakeven_trigger_r=1.25,liquidity_sweep_absorption_reversal,all,1.5,1.25,43048,23,23,12,11,0,0,0.52173913,1225,569.5,24.76086957,12,11,"post-signal dynamic exit sweep using logged entry/stop, replacement target R, and breakeven stop trigger"
1,signal_breakeven_stop:strategy=liquidity_sweep_absorption_reversal:direction=long:target_r=1.5:breakeven_trigger_r=1.25,liquidity_sweep_absorption_reversal,long,1.5,1.25,43048,12,12,7,5,0,0,0.58333333,843.75,501.75,41.8125,12,0,"post-signal dynamic exit sweep using logged entry/stop, replacement target R, and breakeven stop trigger"
1,signal_breakeven_stop:strategy=liquidity_sweep_absorption_reversal:direction=short:target_r=1.5:breakeven_trigger_r=1.25,liquidity_sweep_absorption_reversal,short,1.5,1.25,43048,11,11,5,6,0,0,0.45454545,381.25,67.75,6.15909091,0,11,"post-signal dynamic exit sweep using logged entry/stop, replacement target R, and breakeven stop trigger"
1,signal_breakeven_stop:strategy=liquidity_sweep_absorption_reversal:direction=all:target_r=2:breakeven_trigger_r=0.5,liquidity_sweep_absorption_reversal,all,2,0.5,43048,23,23,8,11,4,0,0.34782609,912.5,257,11.17391304,12,11,"post-signal dynamic exit sweep using logged entry/stop, replacement target R, and breakeven stop trigger"
1,signal_breakeven_stop:strategy=liquidity_sweep_absorption_reversal:direction=long:target_r=2:breakeven_trigger_r=0.5,liquidity_sweep_absorption_reversal,long,2,0.5,43048,12,12,4,5,3,0,0.33333333,375,33,2.75,12,0,"post-signal dynamic exit sweep using logged entry/stop, replacement target R, and breakeven stop trigger"
1,signal_breakeven_stop:strategy=liquidity_sweep_absorption_reversal:direction=short:target_r=2:breakeven_trigger_r=0.5,liquidity_sweep_absorption_reversal,short,2,0.5,43048,11,11,4,6,1,0,0.36363636,537.5,224,20.36363636,0,11,"post-signal dynamic exit sweep using logged entry/stop, replacement target R, and breakeven stop trigger"
1,signal_breakeven_stop:strategy=liquidity_sweep_absorption_reversal:direction=all:target_r=2:breakeven_trigger_r=0.75,liquidity_sweep_absorption_reversal,all,2,0.75,43048,23,23,9,11,3,0,0.39130435,1162.5,507,22.04347826,12,11,"post-signal dynamic exit sweep using logged entry/stop, replacement target R, and breakeven stop trigger"
1,signal_breakeven_stop:strategy=liquidity_sweep_absorption_reversal:direction=long:target_r=2:breakeven_trigger_r=0.75,liquidity_sweep_absorption_reversal,long,2,0.75,43048,12,12,5,5,2,0,0.41666667,625,283,23.58333333,12,0,"post-signal dynamic exit sweep using logged entry/stop, replacement target R, and breakeven stop trigger"
1,signal_breakeven_stop:strategy=liquidity_sweep_absorption_reversal:direction=short:target_r=2:breakeven_trigger_r=0.75,liquidity_sweep_absorption_reversal,short,2,0.75,43048,11,11,4,6,1,0,0.36363636,537.5,224,20.36363636,0,11,"post-signal dynamic exit sweep using logged entry/stop, replacement target R, and breakeven stop trigger"
1,signal_breakeven_stop:strategy=liquidity_sweep_absorption_reversal:direction=all:target_r=2:breakeven_trigger_r=1,liquidity_sweep_absorption_reversal,all,2,1,43048,23,23,10,11,2,0,0.43478261,1362.5,707,30.73913043,12,11,"post-signal dynamic exit sweep using logged entry/stop, replacement target R, and breakeven stop trigger"
1,signal_breakeven_stop:strategy=liquidity_sweep_absorption_reversal:direction=long:target_r=2:breakeven_trigger_r=1,liquidity_sweep_absorption_reversal,long,2,1,43048,12,12,6,5,1,0,0.5,825,483,40.25,12,0,"post-signal dynamic exit sweep using logged entry/stop, replacement target R, and breakeven stop trigger"
1,signal_breakeven_stop:strategy=liquidity_sweep_absorption_reversal:direction=short:target_r=2:breakeven_trigger_r=1,liquidity_sweep_absorption_reversal,short,2,1,43048,11,11,4,6,1,0,0.36363636,537.5,224,20.36363636,0,11,"post-signal dynamic exit sweep using logged entry/stop, replacement target R, and breakeven stop trigger"
1,signal_breakeven_stop:strategy=liquidity_sweep_absorption_reversal:direction=all:target_r=2:breakeven_trigger_r=1.25,liquidity_sweep_absorption_reversal,all,2,1.25,43048,23,23,12,11,0,0,0.52173913,2337.5,1682,73.13043478,12,11,"post-signal dynamic exit sweep using logged entry/stop, replacement target R, and breakeven stop trigger"
1,signal_breakeven_stop:strategy=liquidity_sweep_absorption_reversal:direction=long:target_r=2:breakeven_trigger_r=1.25,liquidity_sweep_absorption_reversal,long,2,1.25,43048,12,12,7,5,0,0,0.58333333,1475,1133,94.41666667,12,0,"post-signal dynamic exit sweep using logged entry/stop, replacement target R, and breakeven stop trigger"
1,signal_breakeven_stop:strategy=liquidity_sweep_absorption_reversal:direction=short:target_r=2:breakeven_trigger_r=1.25,liquidity_sweep_absorption_reversal,short,2,1.25,43048,11,11,5,6,0,0,0.45454545,862.5,549,49.90909091,0,11,"post-signal dynamic exit sweep using logged entry/stop, replacement target R, and breakeven stop trigger"
1,signal_breakeven_stop:strategy=liquidity_sweep_absorption_reversal:direction=all:target_r=2:breakeven_trigger_r=1.5,liquidity_sweep_absorption_reversal,all,2,1.5,43048,23,23,12,11,0,0,0.52173913,2337.5,1682,73.13043478,12,11,"post-signal dynamic exit sweep using logged entry/stop, replacement target R, and breakeven stop trigger"
1,signal_breakeven_stop:strategy=liquidity_sweep_absorption_reversal:direction=long:target_r=2:breakeven_trigger_r=1.5,liquidity_sweep_absorption_reversal,long,2,1.5,43048,12,12,7,5,0,0,0.58333333,1475,1133,94.41666667,12,0,"post-signal dynamic exit sweep using logged entry/stop, replacement target R, and breakeven stop trigger"
1,signal_breakeven_stop:strategy=liquidity_sweep_absorption_reversal:direction=short:target_r=2:breakeven_trigger_r=1.5,liquidity_sweep_absorption_reversal,short,2,1.5,43048,11,11,5,6,0,0,0.45454545,862.5,549,49.90909091,0,11,"post-signal dynamic exit sweep using logged entry/stop, replacement target R, and breakeven stop trigger"
1,signal_breakeven_stop:strategy=liquidity_sweep_absorption_reversal:direction=all:target_r=2.5:breakeven_trigger_r=0.5,liquidity_sweep_absorption_reversal,all,2.5,0.5,43048,23,23,6,11,6,0,0.26086957,668.75,13.25,0.57608696,12,11,"post-signal dynamic exit sweep using logged entry/stop, replacement target R, and breakeven stop trigger"
1,signal_breakeven_stop:strategy=liquidity_sweep_absorption_reversal:direction=long:target_r=2.5:breakeven_trigger_r=0.5,liquidity_sweep_absorption_reversal,long,2.5,0.5,43048,12,12,3,5,4,0,0.25,325,-17,-1.41666667,12,0,"post-signal dynamic exit sweep using logged entry/stop, replacement target R, and breakeven stop trigger"
1,signal_breakeven_stop:strategy=liquidity_sweep_absorption_reversal:direction=short:target_r=2.5:breakeven_trigger_r=0.5,liquidity_sweep_absorption_reversal,short,2.5,0.5,43048,11,11,3,6,2,0,0.27272727,343.75,30.25,2.75,0,11,"post-signal dynamic exit sweep using logged entry/stop, replacement target R, and breakeven stop trigger"
1,signal_breakeven_stop:strategy=liquidity_sweep_absorption_reversal:direction=all:target_r=2.5:breakeven_trigger_r=0.75,liquidity_sweep_absorption_reversal,all,2.5,0.75,43048,23,23,7,11,5,0,0.30434783,981.25,325.75,14.16304348,12,11,"post-signal dynamic exit sweep using logged entry/stop, replacement target R, and breakeven stop trigger"
1,signal_breakeven_stop:strategy=liquidity_sweep_absorption_reversal:direction=long:target_r=2.5:breakeven_trigger_r=0.75,liquidity_sweep_absorption_reversal,long,2.5,0.75,43048,12,12,4,5,3,0,0.33333333,637.5,295.5,24.625,12,0,"post-signal dynamic exit sweep using logged entry/stop, replacement target R, and breakeven stop trigger"
1,signal_breakeven_stop:strategy=liquidity_sweep_absorption_reversal:direction=short:target_r=2.5:breakeven_trigger_r=0.75,liquidity_sweep_absorption_reversal,short,2.5,0.75,43048,11,11,3,6,2,0,0.27272727,343.75,30.25,2.75,0,11,"post-signal dynamic exit sweep using logged entry/stop, replacement target R, and breakeven stop trigger"
1,signal_breakeven_stop:strategy=liquidity_sweep_absorption_reversal:direction=all:target_r=2.5:breakeven_trigger_r=1,liquidity_sweep_absorption_reversal,all,2.5,1,43048,23,23,8,11,4,0,0.34782609,1231.25,575.75,25.0326087,12,11,"post-signal dynamic exit sweep using logged entry/stop, replacement target R, and breakeven stop trigger"
1,signal_breakeven_stop:strategy=liquidity_sweep_absorption_reversal:direction=long:target_r=2.5:breakeven_trigger_r=1,liquidity_sweep_absorption_reversal,long,2.5,1,43048,12,12,5,5,2,0,0.41666667,887.5,545.5,45.45833333,12,0,"post-signal dynamic exit sweep using logged entry/stop, replacement target R, and breakeven stop trigger"
1,signal_breakeven_stop:strategy=liquidity_sweep_absorption_reversal:direction=short:target_r=2.5:breakeven_trigger_r=1,liquidity_sweep_absorption_reversal,short,2.5,1,43048,11,11,3,6,2,0,0.27272727,343.75,30.25,2.75,0,11,"post-signal dynamic exit sweep using logged entry/stop, replacement target R, and breakeven stop trigger"
1,signal_breakeven_stop:strategy=liquidity_sweep_absorption_reversal:direction=all:target_r=2.5:breakeven_trigger_r=1.25,liquidity_sweep_absorption_reversal,all,2.5,1.25,43048,23,23,10,11,2,0,0.43478261,2450,1794.5,78.02173913,12,11,"post-signal dynamic exit sweep using logged entry/stop, replacement target R, and breakeven stop trigger"
1,signal_breakeven_stop:strategy=liquidity_sweep_absorption_reversal:direction=long:target_r=2.5:breakeven_trigger_r=1.25,liquidity_sweep_absorption_reversal,long,2.5,1.25,43048,12,12,6,5,1,0,0.5,1700,1358,113.16666667,12,0,"post-signal dynamic exit sweep using logged entry/stop, replacement target R, and breakeven stop trigger"
1,signal_breakeven_stop:strategy=liquidity_sweep_absorption_reversal:direction=short:target_r=2.5:breakeven_trigger_r=1.25,liquidity_sweep_absorption_reversal,short,2.5,1.25,43048,11,11,4,6,1,0,0.36363636,750,436.5,39.68181818,0,11,"post-signal dynamic exit sweep using logged entry/stop, replacement target R, and breakeven stop trigger"
1,signal_breakeven_stop:strategy=liquidity_sweep_absorption_reversal:direction=all:target_r=2.5:breakeven_trigger_r=1.5,liquidity_sweep_absorption_reversal,all,2.5,1.5,43048,23,23,10,11,2,0,0.43478261,2450,1794.5,78.02173913,12,11,"post-signal dynamic exit sweep using logged entry/stop, replacement target R, and breakeven stop trigger"
1,signal_breakeven_stop:strategy=liquidity_sweep_absorption_reversal:direction=long:target_r=2.5:breakeven_trigger_r=1.5,liquidity_sweep_absorption_reversal,long,2.5,1.5,43048,12,12,6,5,1,0,0.5,1700,1358,113.16666667,12,0,"post-signal dynamic exit sweep using logged entry/stop, replacement target R, and breakeven stop trigger"
1,signal_breakeven_stop:strategy=liquidity_sweep_absorption_reversal:direction=short:target_r=2.5:breakeven_trigger_r=1.5,liquidity_sweep_absorption_reversal,short,2.5,1.5,43048,11,11,4,6,1,0,0.36363636,750,436.5,39.68181818,0,11,"post-signal dynamic exit sweep using logged entry/stop, replacement target R, and breakeven stop trigger"
1,signal_breakeven_stop:strategy=liquidity_sweep_absorption_reversal:direction=all:target_r=3:breakeven_trigger_r=0.5,liquidity_sweep_absorption_reversal,all,3,0.5,43048,23,23,5,11,6,1,0.2173913,875,219.5,9.54347826,12,11,"post-signal dynamic exit sweep using logged entry/stop, replacement target R, and breakeven stop trigger"
1,signal_breakeven_stop:strategy=liquidity_sweep_absorption_reversal:direction=long:target_r=3:breakeven_trigger_r=0.5,liquidity_sweep_absorption_reversal,long,3,0.5,43048,12,12,3,5,4,0,0.25,600,258,21.5,12,0,"post-signal dynamic exit sweep using logged entry/stop, replacement target R, and breakeven stop trigger"
1,signal_breakeven_stop:strategy=liquidity_sweep_absorption_reversal:direction=short:target_r=3:breakeven_trigger_r=0.5,liquidity_sweep_absorption_reversal,short,3,0.5,43048,11,11,2,6,2,1,0.18181818,275,-38.5,-3.5,0,11,"post-signal dynamic exit sweep using logged entry/stop, replacement target R, and breakeven stop trigger"
1,signal_breakeven_stop:strategy=liquidity_sweep_absorption_reversal:direction=all:target_r=3:breakeven_trigger_r=0.75,liquidity_sweep_absorption_reversal,all,3,0.75,43048,23,23,6,11,5,1,0.26086957,1250,594.5,25.84782609,12,11,"post-signal dynamic exit sweep using logged entry/stop, replacement target R, and breakeven stop trigger"
1,signal_breakeven_stop:strategy=liquidity_sweep_absorption_reversal:direction=long:target_r=3:breakeven_trigger_r=0.75,liquidity_sweep_absorption_reversal,long,3,0.75,43048,12,12,4,5,3,0,0.33333333,975,633,52.75,12,0,"post-signal dynamic exit sweep using logged entry/stop, replacement target R, and breakeven stop trigger"
1,signal_breakeven_stop:strategy=liquidity_sweep_absorption_reversal:direction=short:target_r=3:breakeven_trigger_r=0.75,liquidity_sweep_absorption_reversal,short,3,0.75,43048,11,11,2,6,2,1,0.18181818,275,-38.5,-3.5,0,11,"post-signal dynamic exit sweep using logged entry/stop, replacement target R, and breakeven stop trigger"
1,signal_breakeven_stop:strategy=liquidity_sweep_absorption_reversal:direction=all:target_r=3:breakeven_trigger_r=1,liquidity_sweep_absorption_reversal,all,3,1,43048,23,23,7,11,4,1,0.30434783,1550,894.5,38.89130435,12,11,"post-signal dynamic exit sweep using logged entry/stop, replacement target R, and breakeven stop trigger"
1,signal_breakeven_stop:strategy=liquidity_sweep_absorption_reversal:direction=long:target_r=3:breakeven_trigger_r=1,liquidity_sweep_absorption_reversal,long,3,1,43048,12,12,5,5,2,0,0.41666667,1275,933,77.75,12,0,"post-signal dynamic exit sweep using logged entry/stop, replacement target R, and breakeven stop trigger"
1,signal_breakeven_stop:strategy=liquidity_sweep_absorption_reversal:direction=short:target_r=3:breakeven_trigger_r=1,liquidity_sweep_absorption_reversal,short,3,1,43048,11,11,2,6,2,1,0.18181818,275,-38.5,-3.5,0,11,"post-signal dynamic exit sweep using logged entry/stop, replacement target R, and breakeven stop trigger"
1,signal_breakeven_stop:strategy=liquidity_sweep_absorption_reversal:direction=all:target_r=3:breakeven_trigger_r=1.25,liquidity_sweep_absorption_reversal,all,3,1.25,43048,23,23,8,11,3,1,0.34782609,2037.5,1382,60.08695652,12,11,"post-signal dynamic exit sweep using logged entry/stop, replacement target R, and breakeven stop trigger"
1,signal_breakeven_stop:strategy=liquidity_sweep_absorption_reversal:direction=long:target_r=3:breakeven_trigger_r=1.25,liquidity_sweep_absorption_reversal,long,3,1.25,43048,12,12,5,5,2,0,0.41666667,1275,933,77.75,12,0,"post-signal dynamic exit sweep using logged entry/stop, replacement target R, and breakeven stop trigger"
1,signal_breakeven_stop:strategy=liquidity_sweep_absorption_reversal:direction=short:target_r=3:breakeven_trigger_r=1.25,liquidity_sweep_absorption_reversal,short,3,1.25,43048,11,11,3,6,1,1,0.27272727,762.5,449,40.81818182,0,11,"post-signal dynamic exit sweep using logged entry/stop, replacement target R, and breakeven stop trigger"
1,signal_breakeven_stop:strategy=liquidity_sweep_absorption_reversal:direction=all:target_r=3:breakeven_trigger_r=1.5,liquidity_sweep_absorption_reversal,all,3,1.5,43048,23,23,8,11,3,1,0.34782609,2037.5,1382,60.08695652,12,11,"post-signal dynamic exit sweep using logged entry/stop, replacement target R, and breakeven stop trigger"
1,signal_breakeven_stop:strategy=liquidity_sweep_absorption_reversal:direction=long:target_r=3:breakeven_trigger_r=1.5,liquidity_sweep_absorption_reversal,long,3,1.5,43048,12,12,5,5,2,0,0.41666667,1275,933,77.75,12,0,"post-signal dynamic exit sweep using logged entry/stop, replacement target R, and breakeven stop trigger"
1,signal_breakeven_stop:strategy=liquidity_sweep_absorption_reversal:direction=short:target_r=3:breakeven_trigger_r=1.5,liquidity_sweep_absorption_reversal,short,3,1.5,43048,11,11,3,6,1,1,0.27272727,762.5,449,40.81818182,0,11,"post-signal dynamic exit sweep using logged entry/stop, replacement target R, and breakeven stop trigger"
