schema_version,feature,bucket_index,bucket_count,min_value,max_value,trades,runner_target_hits,full_stops,runner_stop_exits,other_exits,positive_net_trades,positive_net_rate,net_usd,average_net_usd
1,minutes_after_rth_open,1,10,15,57,129,64,38,27,0,64,0.49612403,-878,-6.80620155
1,minutes_after_rth_open,2,10,57,93,130,60,52,17,1,61,0.46923077,-14785,-113.73076923
1,minutes_after_rth_open,3,10,93,126,130,70,36,21,3,72,0.55384615,7315,56.26923077
1,minutes_after_rth_open,4,10,126,165,130,63,41,18,8,69,0.53076923,-447.5,-3.44230769
1,minutes_after_rth_open,5,10,165,198,130,65,43,15,7,71,0.54615385,-197.5,-1.51923077
1,minutes_after_rth_open,6,10,198,231,129,64,34,24,7,68,0.52713178,4634.5,35.92635659
1,minutes_after_rth_open,7,10,231,270,130,75,24,21,10,82,0.63076923,24602.5,189.25
1,minutes_after_rth_open,8,10,270,300,130,63,34,15,18,73,0.56153846,5777.5,44.44230769
1,minutes_after_rth_open,9,10,303,339,130,59,34,13,24,77,0.59230769,7140,54.92307692
1,minutes_after_rth_open,10,10,339,375,130,49,40,4,37,72,0.55384615,-6060,-46.61538462
1,entry_bar_delta,1,10,-2764,-445,129,73,36,17,3,76,0.58914729,11222,86.99224806
1,entry_bar_delta,2,10,-444,-238,130,68,42,19,1,69,0.53076923,140,1.07692308
1,entry_bar_delta,3,10,-237,-112,130,60,45,17,8,67,0.51538462,-6110,-47
1,entry_bar_delta,4,10,-111,-29,130,63,36,23,8,70,0.53846154,3127.5,24.05769231
1,entry_bar_delta,5,10,-27,52,130,66,33,18,13,75,0.57692308,10352.5,79.63461538
1,entry_bar_delta,6,10,52,106,129,63,33,12,21,76,0.58914729,8747,67.80620155
1,entry_bar_delta,7,10,106,189,130,64,35,16,15,75,0.57692308,7052.5,54.25
1,entry_bar_delta,8,10,191,312,130,62,34,15,19,70,0.53846154,4552.5,35.01923077
1,entry_bar_delta,9,10,315,559,130,62,38,17,13,72,0.55384615,2852.5,21.94230769
1,entry_bar_delta,10,10,560,4163,130,51,44,21,14,59,0.45384615,-14835,-114.11538462
1,signal_abs_delta_sum_to_average_abs_delta,1,10,0.01746834,0.09870276,129,68,30,23,8,73,0.56589147,12472,96.68217054
1,signal_abs_delta_sum_to_average_abs_delta,2,10,0.09977195,0.17227008,130,68,44,12,6,73,0.56153846,1252.5,9.63461538
1,signal_abs_delta_sum_to_average_abs_delta,3,10,0.17315114,0.26812527,130,66,32,22,10,72,0.55384615,9052.5,69.63461538
1,signal_abs_delta_sum_to_average_abs_delta,4,10,0.26868974,0.36862216,130,53,44,17,16,63,0.48461538,-11610,-89.30769231
1,signal_abs_delta_sum_to_average_abs_delta,5,10,0.36934546,0.48317159,130,73,32,13,12,82,0.63076923,16877.5,129.82692308
1,signal_abs_delta_sum_to_average_abs_delta,6,10,0.48459805,0.63867534,129,60,43,14,12,66,0.51162791,-5190.5,-40.23643411
1,signal_abs_delta_sum_to_average_abs_delta,7,10,0.63949275,0.83276451,130,56,41,22,11,65,0.5,-5910,-45.46153846
1,signal_abs_delta_sum_to_average_abs_delta,8,10,0.84229391,1.15061612,130,68,32,18,12,75,0.57692308,11077.5,85.21153846
1,signal_abs_delta_sum_to_average_abs_delta,9,10,1.15107914,1.66037736,130,62,42,16,10,70,0.53846154,-1310,-10.07692308
1,signal_abs_delta_sum_to_average_abs_delta,10,10,1.67640061,8.98956357,130,58,36,18,18,70,0.53846154,390,3
1,entry_position_in_session_range,1,10,0.02285714,0.13846154,129,67,39,20,3,70,0.54263566,3259.5,25.26744186
1,entry_position_in_session_range,2,10,0.13875598,0.23376623,130,68,37,21,4,71,0.54615385,5965,45.88461538
1,entry_position_in_session_range,3,10,0.23423423,0.33149171,130,63,34,25,8,71,0.54615385,5077.5,39.05769231
1,entry_position_in_session_range,4,10,0.3315508,0.45915493,130,68,43,15,4,71,0.54615385,215,1.65384615
1,entry_position_in_session_range,5,10,0.45918367,0.625,130,75,38,11,6,79,0.60769231,12440,95.69230769
1,entry_position_in_session_range,6,10,0.625,0.7195122,129,65,35,17,12,71,0.5503876,5259.5,40.77131783
1,entry_position_in_session_range,7,10,0.72072072,0.82195846,130,44,46,22,18,52,0.4,-22185,-170.65384615
1,entry_position_in_session_range,8,10,0.82213439,0.88586957,130,62,34,18,16,74,0.56923077,6890,53
1,entry_position_in_session_range,9,10,0.88627451,0.93589744,130,65,33,14,18,78,0.6,10627.5,81.75
1,entry_position_in_session_range,10,10,0.93684211,0.98888889,130,55,37,12,26,72,0.55384615,-447.5,-3.44230769
1,fade_edge_score,1,10,0.39912281,0.58333333,129,76,40,8,5,80,0.62015504,11997,93
1,fade_edge_score,2,10,0.58358974,0.64661654,130,70,39,16,5,73,0.56153846,5502.5,42.32692308
1,fade_edge_score,3,10,0.64661654,0.69354839,130,62,37,22,9,68,0.52307692,465,3.57692308
1,fade_edge_score,4,10,0.69354839,0.74193548,130,57,37,21,15,68,0.52307692,-2010,-15.46153846
1,fade_edge_score,5,10,0.74273859,0.79591837,130,61,34,26,9,64,0.49230769,1065,8.19230769
1,fade_edge_score,6,10,0.79620853,0.84090909,129,55,46,18,10,61,0.47286822,-11140.5,-86.36046512
1,fade_edge_score,7,10,0.84090909,0.87545788,130,70,32,16,12,80,0.61538462,15090,116.07692308
1,fade_edge_score,8,10,0.87559809,0.91164659,130,67,35,17,11,73,0.56153846,7365,56.65384615
1,fade_edge_score,9,10,0.91176471,0.94370861,130,59,41,17,13,70,0.53846154,-2360,-18.15384615
1,fade_edge_score,10,10,0.94488189,0.98888889,130,55,35,14,26,72,0.55384615,1127.5,8.67307692
1,opening_range_fade_edge_score,1,10,-2.07246377,0.5210084,129,70,39,10,10,77,0.59689922,8134.5,63.05813953
1,opening_range_fade_edge_score,2,10,0.52173913,0.73,130,68,39,20,3,70,0.53846154,3152.5,24.25
1,opening_range_fade_edge_score,3,10,0.73043478,0.87735849,130,60,44,22,4,64,0.49230769,-7897.5,-60.75
1,opening_range_fade_edge_score,4,10,0.88059701,1.04545455,130,62,41,21,6,66,0.50769231,-3010,-23.15384615
1,opening_range_fade_edge_score,5,10,1.046875,1.2027027,130,64,31,18,17,76,0.58461538,10877.5,83.67307692
1,opening_range_fade_edge_score,6,10,1.20454545,1.35714286,129,72,32,14,11,79,0.6124031,17259.5,133.79457364
1,opening_range_fade_edge_score,7,10,1.35746606,1.54901961,130,65,37,13,15,75,0.57692308,4465,34.34615385
1,opening_range_fade_edge_score,8,10,1.55782313,1.83950617,130,46,45,24,15,56,0.43076923,-18747.5,-144.21153846
1,opening_range_fade_edge_score,9,10,1.84,2.28235294,130,56,37,20,17,68,0.52307692,-1535,-11.80769231
1,opening_range_fade_edge_score,10,10,2.28467153,6.17808219,130,69,31,13,17,78,0.6,14402.5,110.78846154
1,directional_open_distance_points,1,10,-193,-57,129,64,37,23,5,65,0.50387597,184.5,1.43023256
1,directional_open_distance_points,2,10,-56.75,-44,130,64,32,19,15,74,0.56923077,9615,73.96153846
1,directional_open_distance_points,3,10,-44,-35.5,130,62,32,14,22,80,0.61538462,10390,79.92307692
1,directional_open_distance_points,4,10,-35.5,-28,130,57,43,21,9,63,0.48461538,-7822.5,-60.17307692
1,directional_open_distance_points,5,10,-27.75,-21.75,130,59,41,20,10,62,0.47692308,-7585,-58.34615385
1,directional_open_distance_points,6,10,-21.75,-15.5,129,61,34,19,15,73,0.56589147,5847,45.3255814
1,directional_open_distance_points,7,10,-15.5,-9.75,130,64,44,17,5,67,0.51538462,-3672.5,-28.25
1,directional_open_distance_points,8,10,-9.75,-4,130,71,33,12,14,79,0.60769231,14402.5,110.78846154
1,directional_open_distance_points,9,10,-3.75,6.25,130,59,41,16,14,70,0.53846154,-2197.5,-16.90384615
1,directional_open_distance_points,10,10,6.25,69,130,71,39,14,6,76,0.58461538,7940,61.07692308
1,directional_opening_range_breakout_points,1,10,-225.5,-71.5,129,64,38,21,6,69,0.53488372,2084.5,16.15891473
1,directional_opening_range_breakout_points,2,10,-71.25,-57,130,69,36,19,6,70,0.53846154,5727.5,44.05769231
1,directional_opening_range_breakout_points,3,10,-56.75,-48,130,55,39,23,13,64,0.49230769,-5460,-42
1,directional_opening_range_breakout_points,4,10,-48,-39.75,130,62,32,17,19,79,0.60769231,9952.5,76.55769231
1,directional_opening_range_breakout_points,5,10,-39.75,-32,130,68,36,19,7,71,0.54615385,6577.5,50.59615385
1,directional_opening_range_breakout_points,6,10,-32,-26.75,129,63,36,20,10,68,0.52713178,2222,17.2248062
1,directional_opening_range_breakout_points,7,10,-26.75,-22.5,130,56,38,17,19,68,0.52307692,-2835,-21.80769231
1,directional_opening_range_breakout_points,8,10,-22.5,-17.5,130,67,41,14,8,72,0.55384615,3040,23.38461538
1,directional_opening_range_breakout_points,9,10,-17.5,-12,130,66,42,12,10,72,0.55384615,-147.5,-1.13461538
1,directional_opening_range_breakout_points,10,10,-12,65,130,62,38,13,17,76,0.58461538,5940,45.69230769
1,lookback_directional_move_points,1,10,-93.75,-28,129,80,30,18,1,80,0.62015504,21334.5,165.38372093
1,lookback_directional_move_points,2,10,-28,-19.5,130,72,38,19,1,73,0.56153846,7365,56.65384615
1,lookback_directional_move_points,3,10,-19.25,-14.5,130,66,41,14,9,72,0.55384615,2302.5,17.71153846
1,lookback_directional_move_points,4,10,-14.5,-10.5,130,68,35,21,6,73,0.56153846,7165,55.11538462
1,lookback_directional_move_points,5,10,-10.5,-7.75,130,58,45,13,14,68,0.52307692,-7497.5,-57.67307692
1,lookback_directional_move_points,6,10,-7.75,-5.25,129,63,32,12,22,78,0.60465116,11497,89.12403101
1,lookback_directional_move_points,7,10,-5.25,-2.5,130,60,28,21,21,75,0.57692308,10252.5,78.86538462
1,lookback_directional_move_points,8,10,-2.5,0.25,130,56,43,13,18,67,0.51538462,-6547.5,-50.36538462
1,lookback_directional_move_points,9,10,0.25,4.75,130,49,40,25,16,60,0.46153846,-10660,-82
1,lookback_directional_move_points,10,10,5,51.75,130,60,44,19,7,63,0.48461538,-8110,-62.38461538
1,lookback_efficiency_ratio,1,10,0,0.03896104,129,51,47,17,14,59,0.45736434,-16378,-126.96124031
1,lookback_efficiency_ratio,2,10,0.03921569,0.07777778,130,53,35,32,10,61,0.46923077,-4422.5,-34.01923077
1,lookback_efficiency_ratio,3,10,0.07801418,0.11910112,130,72,34,15,9,78,0.6,13790,106.07692308
1,lookback_efficiency_ratio,4,10,0.11959288,0.15830116,130,68,44,11,7,74,0.56923077,1690,13
1,lookback_efficiency_ratio,5,10,0.15897436,0.20152091,130,68,36,14,12,76,0.58461538,8065,62.03846154
1,lookback_efficiency_ratio,6,10,0.20181406,0.24731183,129,65,28,19,17,78,0.60465116,14822,114.89922481
1,lookback_efficiency_ratio,7,10,0.2479564,0.30853392,130,60,46,12,12,67,0.51538462,-7822.5,-60.17307692
1,lookback_efficiency_ratio,8,10,0.30894309,0.37398374,130,67,27,21,15,75,0.57692308,14590,112.23076923
1,lookback_efficiency_ratio,9,10,0.3740458,0.47528517,130,67,34,21,8,71,0.54615385,7415,57.03846154
1,lookback_efficiency_ratio,10,10,0.47598253,0.94117647,130,61,45,13,11,70,0.53846154,-4647.5,-35.75
1,lookback_choppiness_score,1,10,0.05882353,0.52398524,129,61,44,13,11,70,0.54263566,-3615.5,-28.02713178
1,lookback_choppiness_score,2,10,0.52401747,0.62529833,130,67,35,20,8,71,0.54615385,6665,51.26923077
1,lookback_choppiness_score,3,10,0.6259542,0.69058296,130,67,26,22,15,75,0.57692308,15340,118
1,lookback_choppiness_score,4,10,0.69105691,0.75117371,130,59,47,12,12,66,0.50769231,-9572.5,-73.63461538
1,lookback_choppiness_score,5,10,0.7520436,0.79818594,130,66,28,19,17,79,0.60769231,15540,119.53846154
1,lookback_choppiness_score,6,10,0.79847909,0.84090909,129,67,36,14,12,75,0.58139535,7347,56.95348837
1,lookback_choppiness_score,7,10,0.84102564,0.88030888,130,68,44,11,7,74,0.56923077,1690,13
1,lookback_choppiness_score,8,10,0.88040712,0.921875,130,73,33,15,9,79,0.60769231,15540,119.53846154
1,lookback_choppiness_score,9,10,0.92198582,0.9602649,130,53,36,32,9,60,0.46153846,-5785,-44.5
1,lookback_choppiness_score,10,10,0.96078431,1,130,51,47,17,15,60,0.46153846,-16047.5,-123.44230769
1,session_range_points,1,10,9.75,25.5,129,47,48,18,16,61,0.47286822,-17040.5,-132.09689922
1,session_range_points,2,10,25.5,31.75,130,58,36,13,23,71,0.54615385,1777.5,13.67307692
1,session_range_points,3,10,31.75,37.75,130,60,41,13,16,67,0.51538462,-4210,-32.38461538
1,session_range_points,4,10,37.75,43,130,62,36,22,10,70,0.53846154,2452.5,18.86538462
1,session_range_points,5,10,43,47.5,130,75,32,11,12,86,0.66153846,20127.5,154.82692308
1,session_range_points,6,10,47.5,56.5,129,65,32,21,11,74,0.57364341,9672,74.97674419
1,session_range_points,7,10,56.5,66.5,130,56,43,20,11,63,0.48461538,-9235,-71.03846154
1,session_range_points,8,10,66.5,75.5,130,78,29,19,4,79,0.60769231,20252.5,155.78846154
1,session_range_points,9,10,75.75,92,130,65,34,20,11,71,0.54615385,7190,55.30769231
1,session_range_points,10,10,92.25,243.75,130,66,45,18,1,67,0.51538462,-3885,-29.88461538
1,entry_volume_to_session_average_volume,1,10,0.13201021,0.39405447,129,48,43,19,19,61,0.47286822,-12615.5,-97.79457364
1,entry_volume_to_session_average_volume,2,10,0.39461973,0.45952533,130,61,37,18,14,67,0.51538462,-610,-4.69230769
1,entry_volume_to_session_average_volume,3,10,0.46083014,0.51952011,130,67,37,15,11,74,0.56923077,6077.5,46.75
1,entry_volume_to_session_average_volume,4,10,0.51962624,0.5793063,130,61,33,27,9,66,0.50769231,3015,23.19230769
1,entry_volume_to_session_average_volume,5,10,0.57978006,0.63781508,130,72,30,16,12,81,0.62307692,18090,139.15384615
1,entry_volume_to_session_average_volume,6,10,0.63798845,0.70692789,129,68,38,16,7,75,0.58139535,7222,55.98449612
1,entry_volume_to_session_average_volume,7,10,0.70780638,0.78654857,130,63,32,19,16,74,0.56923077,8490,65.30769231
1,entry_volume_to_session_average_volume,8,10,0.78841456,0.92104043,130,56,49,14,11,63,0.48461538,-13760,-105.84615385
1,entry_volume_to_session_average_volume,9,10,0.92173275,1.15617301,130,66,37,20,7,72,0.55384615,4365,33.57692308
1,entry_volume_to_session_average_volume,10,10,1.16092129,4.07336182,130,70,40,11,9,76,0.58461538,6827.5,52.51923077
1,entry_trades_to_session_average_trades,1,10,0.14025966,0.39908251,129,46,44,18,21,61,0.47286822,-14603,-113.20155039
1,entry_trades_to_session_average_trades,2,10,0.39931917,0.45490188,130,64,32,16,18,72,0.55384615,7852.5,60.40384615
1,entry_trades_to_session_average_trades,3,10,0.45546481,0.51566067,130,62,41,18,9,69,0.53076923,-1060,-8.15384615
1,entry_trades_to_session_average_trades,4,10,0.51584266,0.57101267,130,66,31,22,11,71,0.54615385,8952.5,68.86538462
1,entry_trades_to_session_average_trades,5,10,0.57145156,0.63360628,130,67,33,21,9,75,0.57692308,9702.5,74.63461538
1,entry_trades_to_session_average_trades,6,10,0.63377425,0.69059902,129,69,31,18,11,78,0.60465116,14747,114.31782946
1,entry_trades_to_session_average_trades,7,10,0.69122248,0.77057342,130,60,42,16,12,69,0.53076923,-3847.5,-29.59615385
1,entry_trades_to_session_average_trades,8,10,0.77305757,0.8950079,130,67,40,15,8,70,0.53846154,2465,18.96153846
1,entry_trades_to_session_average_trades,9,10,0.89857946,1.13264262,130,62,41,17,10,72,0.55384615,-685,-5.26923077
1,entry_trades_to_session_average_trades,10,10,1.13625813,3.9938806,130,69,41,14,6,72,0.55384615,3577.5,27.51923077
1,lookback_volume_to_session_average_volume,1,10,0.37806835,0.52166579,129,59,39,12,19,68,0.52713178,-1253,-9.71317829
1,lookback_volume_to_session_average_volume,2,10,0.52253252,0.57928157,130,57,27,20,26,77,0.59230769,12765,98.19230769
1,lookback_volume_to_session_average_volume,3,10,0.57937081,0.63329394,130,56,30,21,23,69,0.53076923,3440,26.46153846
1,lookback_volume_to_session_average_volume,4,10,0.63387307,0.67869771,130,63,41,12,14,74,0.56923077,815,6.26923077
1,lookback_volume_to_session_average_volume,5,10,0.67895067,0.74061945,130,57,44,18,11,67,0.51538462,-8197.5,-63.05769231
1,lookback_volume_to_session_average_volume,6,10,0.74133908,0.80130897,129,59,43,21,6,63,0.48837209,-7290.5,-56.51550388
1,lookback_volume_to_session_average_volume,7,10,0.80293173,0.87751584,130,69,45,9,7,73,0.56153846,827.5,6.36538462
1,lookback_volume_to_session_average_volume,8,10,0.87758776,0.95719531,130,77,29,20,4,79,0.60769231,19990,153.76923077
1,lookback_volume_to_session_average_volume,9,10,0.95725179,1.01510662,130,65,44,21,0,65,0.5,-4660,-35.84615385
1,lookback_volume_to_session_average_volume,10,10,1.01526251,2.05918809,130,70,34,21,5,74,0.56923077,10665,82.03846154
1,lookback_trades_to_session_average_trades,1,10,0.36072901,0.5104183,129,59,36,8,26,74,0.57364341,4697,36.41085271
1,lookback_trades_to_session_average_trades,2,10,0.51190924,0.57517275,130,57,28,18,27,75,0.57692308,9790,75.30769231
1,lookback_trades_to_session_average_trades,3,10,0.57522735,0.62760984,130,58,30,22,20,70,0.53846154,5040,38.76923077
1,lookback_trades_to_session_average_trades,4,10,0.62797344,0.66860265,130,60,39,17,14,72,0.55384615,-85,-0.65384615
1,lookback_trades_to_session_average_trades,5,10,0.66921806,0.73173768,130,59,46,19,6,64,0.49230769,-9010,-69.30769231
1,lookback_trades_to_session_average_trades,6,10,0.73178482,0.79625342,129,60,44,17,8,66,0.51162791,-7203,-55.8372093
1,lookback_trades_to_session_average_trades,7,10,0.79740341,0.87246738,130,66,47,12,5,69,0.53076923,-3460,-26.61538462
1,lookback_trades_to_session_average_trades,8,10,0.87265515,0.94944736,130,78,29,19,4,80,0.61538462,20577.5,158.28846154
1,lookback_trades_to_session_average_trades,9,10,0.95062739,1.01503242,130,63,41,25,1,64,0.49230769,-3997.5,-30.75
1,lookback_trades_to_session_average_trades,10,10,1.01512249,2.06578065,130,72,36,18,4,75,0.57692308,10752.5,82.71153846
1,risk_to_average_bar_range,1,10,0.54907344,0.968523,129,78,42,8,1,78,0.60465116,10334.5,80.1124031
1,risk_to_average_bar_range,2,10,0.97087379,1.18870728,130,65,39,26,0,65,0.5,-910,-7
1,risk_to_average_bar_range,3,10,1.19047619,1.39372822,130,82,28,20,0,82,0.63076923,24340,187.23076923
1,risk_to_average_bar_range,4,10,1.39534884,1.59680639,130,69,36,25,0,69,0.53076923,5340,41.07692308
1,risk_to_average_bar_range,5,10,1.59680639,1.81818182,130,67,38,24,1,68,0.52307692,2252.5,17.32692308
1,risk_to_average_bar_range,6,10,1.81818182,2.07792208,129,54,40,28,7,60,0.46511628,-9490.5,-73.56976744
1,risk_to_average_bar_range,7,10,2.07792208,2.40963855,130,67,37,20,6,71,0.54615385,4915,37.80769231
1,risk_to_average_bar_range,8,10,2.41691843,2.93040293,130,61,45,11,13,70,0.53846154,-4260,-32.76923077
1,risk_to_average_bar_range,9,10,2.94117647,3.72093023,130,46,44,12,28,65,0.5,-11597.5,-89.21153846
1,risk_to_average_bar_range,10,10,3.72093023,8.5106383,130,43,27,1,59,81,0.62307692,6177.5,47.51923077
1,runner_target_to_average_bar_range,1,10,0.54907344,0.968523,129,78,42,8,1,78,0.60465116,10334.5,80.1124031
1,runner_target_to_average_bar_range,2,10,0.97087379,1.18870728,130,65,39,26,0,65,0.5,-910,-7
1,runner_target_to_average_bar_range,3,10,1.19047619,1.39372822,130,82,28,20,0,82,0.63076923,24340,187.23076923
1,runner_target_to_average_bar_range,4,10,1.39534884,1.59680639,130,69,36,25,0,69,0.53076923,5340,41.07692308
1,runner_target_to_average_bar_range,5,10,1.59680639,1.81818182,130,67,38,24,1,68,0.52307692,2252.5,17.32692308
1,runner_target_to_average_bar_range,6,10,1.81818182,2.07792208,129,54,40,28,7,60,0.46511628,-9490.5,-73.56976744
1,runner_target_to_average_bar_range,7,10,2.07792208,2.40963855,130,67,37,20,6,71,0.54615385,4915,37.80769231
1,runner_target_to_average_bar_range,8,10,2.41691843,2.93040293,130,61,45,11,13,70,0.53846154,-4260,-32.76923077
1,runner_target_to_average_bar_range,9,10,2.94117647,3.72093023,130,46,44,12,28,65,0.5,-11597.5,-89.21153846
1,runner_target_to_average_bar_range,10,10,3.72093023,8.5106383,130,43,27,1,59,81,0.62307692,6177.5,47.51923077
