schema_version,outcome_id,event_key,signal_id,symbol,direction,entry_bar_index,exit_bar_index,entry_time,exit_time,entry_price,stop_price,first_target_price,runner_target_price,leg1_exit_price,runner_exit_price,exit_reason,first_target_hit,holding_bars,gross_points,gross_usd,commission_usd,slippage_usd,net_usd,notes,in_news_blackout,matched_news_event_id,matched_news_event_time,matched_news_event_name,matched_news_event_currency,matched_news_event_impact,minutes_from_news_event,news_blackout_before_minutes,news_blackout_after_minutes,news_notes
1,delta_impulse_continue_10bar_2.5pt_50d_ESU26-CME_15:runner_target_hit:17,ESU26-CME:2:15:delta_impulse_continue_10bar_2.5pt_50d:candidate_signal:long,delta_impulse_continue_10bar_2.5pt_50d_ESU26-CME_15,ESU26-CME,long,15,17,2026-06-10  10:15:00,2026-6-10 10:21:00.000000,7447,7437,7452,7455,7452,7455,runner_target_hit,true,2,13,650,7,50,593,ES two-contract scaled scalp; first_target_points=5; stop_points=10; runner_target_points=8; runner_stop_mode=initial; slippage_ticks_per_contract=round_turn_default; entry_match_mode=bar_index,false,,,,,,,,,outside scheduled-news blackout windows
1,delta_impulse_continue_10bar_2.5pt_50d_ESU26-CME_21:full_stop_hit:22,ESU26-CME:2:21:delta_impulse_continue_10bar_2.5pt_50d:candidate_signal:long,delta_impulse_continue_10bar_2.5pt_50d_ESU26-CME_21,ESU26-CME,long,21,22,2026-06-10  10:33:00,2026-6-10 10:36:00.000000,7458.25,7448.25,7463.25,7466.25,7448.25,7448.25,full_stop_hit,false,1,-20,-1000,7,50,-1057,ES two-contract scaled scalp; first_target_points=5; stop_points=10; runner_target_points=8; runner_stop_mode=initial; slippage_ticks_per_contract=round_turn_default; entry_match_mode=bar_index,false,,,,,,,,,outside scheduled-news blackout windows
1,delta_impulse_continue_10bar_2.5pt_50d_ESU26-CME_39:runner_target_hit:41,ESU26-CME:2:39:delta_impulse_continue_10bar_2.5pt_50d:candidate_signal:short,delta_impulse_continue_10bar_2.5pt_50d_ESU26-CME_39,ESU26-CME,short,39,41,2026-06-10  11:27:00,2026-6-10 11:33:00.000000,7395.75,7405.75,7390.75,7387.75,7390.75,7387.75,runner_target_hit,true,2,13,650,7,50,593,ES two-contract scaled scalp; first_target_points=5; stop_points=10; runner_target_points=8; runner_stop_mode=initial; slippage_ticks_per_contract=round_turn_default; entry_match_mode=bar_index,false,,,,,,,,,outside scheduled-news blackout windows
1,delta_impulse_continue_10bar_2.5pt_50d_ESU26-CME_45:full_stop_hit:46,ESU26-CME:2:45:delta_impulse_continue_10bar_2.5pt_50d:candidate_signal:long,delta_impulse_continue_10bar_2.5pt_50d_ESU26-CME_45,ESU26-CME,long,45,46,2026-06-10  11:45:00,2026-6-10 11:48:00.000000,7388.75,7378.75,7393.75,7396.75,7378.75,7378.75,full_stop_hit,false,1,-20,-1000,7,50,-1057,ES two-contract scaled scalp; first_target_points=5; stop_points=10; runner_target_points=8; runner_stop_mode=initial; slippage_ticks_per_contract=round_turn_default; entry_match_mode=bar_index,false,,,,,,,,,outside scheduled-news blackout windows
1,delta_impulse_continue_10bar_2.5pt_50d_ESU26-CME_51:runner_target_hit:52,ESU26-CME:2:51:delta_impulse_continue_10bar_2.5pt_50d:candidate_signal:long,delta_impulse_continue_10bar_2.5pt_50d_ESU26-CME_51,ESU26-CME,long,51,52,2026-06-10  12:03:00,2026-6-10 12:06:00.000000,7393.25,7383.25,7398.25,7401.25,7398.25,7401.25,runner_target_hit,true,1,13,650,7,50,593,ES two-contract scaled scalp; first_target_points=5; stop_points=10; runner_target_points=8; runner_stop_mode=initial; slippage_ticks_per_contract=round_turn_default; entry_match_mode=bar_index,false,,,,,,,,,outside scheduled-news blackout windows
1,delta_impulse_continue_10bar_2.5pt_50d_ESU26-CME_56:runner_target_hit:61,ESU26-CME:2:56:delta_impulse_continue_10bar_2.5pt_50d:candidate_signal:long,delta_impulse_continue_10bar_2.5pt_50d_ESU26-CME_56,ESU26-CME,long,56,61,2026-06-10  12:18:00,2026-6-10 12:33:00.000000,7384.5,7374.5,7389.5,7392.5,7389.5,7392.5,runner_target_hit,true,5,13,650,7,50,593,ES two-contract scaled scalp; first_target_points=5; stop_points=10; runner_target_points=8; runner_stop_mode=initial; slippage_ticks_per_contract=round_turn_default; entry_match_mode=bar_index,false,,,,,,,,,outside scheduled-news blackout windows
1,delta_impulse_continue_10bar_2.5pt_50d_ESU26-CME_151:full_stop_hit:152,ESU26-CME:2:151:delta_impulse_continue_10bar_2.5pt_50d:candidate_signal:short,delta_impulse_continue_10bar_2.5pt_50d_ESU26-CME_151,ESU26-CME,short,151,152,2026-06-11  10:18:00,2026-6-11 10:21:00.000000,7359.5,7369.5,7354.5,7351.5,7369.5,7369.5,full_stop_hit,false,1,-20,-1000,7,50,-1057,ES two-contract scaled scalp; first_target_points=5; stop_points=10; runner_target_points=8; runner_stop_mode=initial; slippage_ticks_per_contract=round_turn_default; entry_match_mode=bar_index,false,,,,,,,,,outside scheduled-news blackout windows
1,delta_impulse_continue_10bar_2.5pt_50d_ESU26-CME_156:runner_target_hit:160,ESU26-CME:2:156:delta_impulse_continue_10bar_2.5pt_50d:candidate_signal:short,delta_impulse_continue_10bar_2.5pt_50d_ESU26-CME_156,ESU26-CME,short,156,160,2026-06-11  10:33:00,2026-6-11 10:45:00.000000,7372,7382,7367,7364,7367,7364,runner_target_hit,true,4,13,650,7,50,593,ES two-contract scaled scalp; first_target_points=5; stop_points=10; runner_target_points=8; runner_stop_mode=initial; slippage_ticks_per_contract=round_turn_default; entry_match_mode=bar_index,false,,,,,,,,,outside scheduled-news blackout windows
1,delta_impulse_continue_10bar_2.5pt_50d_ESU26-CME_162:runner_target_hit:163,ESU26-CME:2:162:delta_impulse_continue_10bar_2.5pt_50d:candidate_signal:short,delta_impulse_continue_10bar_2.5pt_50d_ESU26-CME_162,ESU26-CME,short,162,163,2026-06-11  10:51:00,2026-6-11 10:54:00.000000,7352.5,7362.5,7347.5,7344.5,7347.5,7344.5,runner_target_hit,true,1,13,650,7,50,593,ES two-contract scaled scalp; first_target_points=5; stop_points=10; runner_target_points=8; runner_stop_mode=initial; slippage_ticks_per_contract=round_turn_default; entry_match_mode=bar_index,false,,,,,,,,,outside scheduled-news blackout windows
1,delta_impulse_continue_10bar_2.5pt_50d_ESU26-CME_167:full_stop_hit:169,ESU26-CME:2:167:delta_impulse_continue_10bar_2.5pt_50d:candidate_signal:short,delta_impulse_continue_10bar_2.5pt_50d_ESU26-CME_167,ESU26-CME,short,167,169,2026-06-11  11:06:00,2026-6-11 11:12:00.000000,7347.75,7357.75,7342.75,7339.75,7357.75,7357.75,full_stop_hit,false,2,-20,-1000,7,50,-1057,ES two-contract scaled scalp; first_target_points=5; stop_points=10; runner_target_points=8; runner_stop_mode=initial; slippage_ticks_per_contract=round_turn_default; entry_match_mode=bar_index,false,,,,,,,,,outside scheduled-news blackout windows
1,delta_impulse_continue_10bar_2.5pt_50d_ESU26-CME_181:runner_target_hit:183,ESU26-CME:2:181:delta_impulse_continue_10bar_2.5pt_50d:candidate_signal:short,delta_impulse_continue_10bar_2.5pt_50d_ESU26-CME_181,ESU26-CME,short,181,183,2026-06-11  11:48:00,2026-6-11 11:54:00.000000,7356.5,7366.5,7351.5,7348.5,7351.5,7348.5,runner_target_hit,true,2,13,650,7,50,593,ES two-contract scaled scalp; first_target_points=5; stop_points=10; runner_target_points=8; runner_stop_mode=initial; slippage_ticks_per_contract=round_turn_default; entry_match_mode=bar_index,false,,,,,,,,,outside scheduled-news blackout windows
1,delta_impulse_continue_10bar_2.5pt_50d_ESU26-CME_194:runner_initial_stop_hit:196,ESU26-CME:2:194:delta_impulse_continue_10bar_2.5pt_50d:candidate_signal:short,delta_impulse_continue_10bar_2.5pt_50d_ESU26-CME_194,ESU26-CME,short,194,196,2026-06-11  12:27:00,2026-6-11 12:33:00.000000,7358.5,7368.5,7353.5,7350.5,7353.5,7368.5,runner_initial_stop_hit,true,2,-5,-250,7,50,-307,ES two-contract scaled scalp; first_target_points=5; stop_points=10; runner_target_points=8; runner_stop_mode=initial; slippage_ticks_per_contract=round_turn_default; entry_match_mode=bar_index,false,,,,,,,,,outside scheduled-news blackout windows
1,delta_impulse_continue_10bar_2.5pt_50d_ESU26-CME_285:full_stop_hit:287,ESU26-CME:2:285:delta_impulse_continue_10bar_2.5pt_50d:candidate_signal:long,delta_impulse_continue_10bar_2.5pt_50d_ESU26-CME_285,ESU26-CME,long,285,287,2026-06-12  10:15:00,2026-6-12 10:21:00.000000,7487.75,7477.75,7492.75,7495.75,7477.75,7477.75,full_stop_hit,false,2,-20,-1000,7,50,-1057,ES two-contract scaled scalp; first_target_points=5; stop_points=10; runner_target_points=8; runner_stop_mode=initial; slippage_ticks_per_contract=round_turn_default; entry_match_mode=bar_index,false,,,,,,,,,outside scheduled-news blackout windows
1,delta_impulse_continue_10bar_2.5pt_50d_ESU26-CME_290:runner_target_hit:292,ESU26-CME:2:290:delta_impulse_continue_10bar_2.5pt_50d:candidate_signal:long,delta_impulse_continue_10bar_2.5pt_50d_ESU26-CME_290,ESU26-CME,long,290,292,2026-06-12  10:30:00,2026-6-12 10:36:00.000000,7478.5,7468.5,7483.5,7486.5,7483.5,7486.5,runner_target_hit,true,2,13,650,7,50,593,ES two-contract scaled scalp; first_target_points=5; stop_points=10; runner_target_points=8; runner_stop_mode=initial; slippage_ticks_per_contract=round_turn_default; entry_match_mode=bar_index,false,,,,,,,,,outside scheduled-news blackout windows
1,delta_impulse_continue_10bar_2.5pt_50d_ESU26-CME_295:full_stop_hit:297,ESU26-CME:2:295:delta_impulse_continue_10bar_2.5pt_50d:candidate_signal:short,delta_impulse_continue_10bar_2.5pt_50d_ESU26-CME_295,ESU26-CME,short,295,297,2026-06-12  10:45:00,2026-6-12 10:51:00.000000,7454.5,7464.5,7449.5,7446.5,7464.5,7464.5,full_stop_hit,false,2,-20,-1000,7,50,-1057,ES two-contract scaled scalp; first_target_points=5; stop_points=10; runner_target_points=8; runner_stop_mode=initial; slippage_ticks_per_contract=round_turn_default; entry_match_mode=bar_index,false,,,,,,,,,outside scheduled-news blackout windows
1,delta_impulse_continue_10bar_2.5pt_50d_ESU26-CME_300:runner_target_hit:304,ESU26-CME:2:300:delta_impulse_continue_10bar_2.5pt_50d:candidate_signal:long,delta_impulse_continue_10bar_2.5pt_50d_ESU26-CME_300,ESU26-CME,long,300,304,2026-06-12  11:00:00,2026-6-12 11:12:00.000000,7504.75,7494.75,7509.75,7512.75,7509.75,7512.75,runner_target_hit,true,4,13,650,7,50,593,ES two-contract scaled scalp; first_target_points=5; stop_points=10; runner_target_points=8; runner_stop_mode=initial; slippage_ticks_per_contract=round_turn_default; entry_match_mode=bar_index,false,,,,,,,,,outside scheduled-news blackout windows
1,delta_impulse_continue_10bar_2.5pt_50d_ESU26-CME_305:runner_target_hit:308,ESU26-CME:2:305:delta_impulse_continue_10bar_2.5pt_50d:candidate_signal:long,delta_impulse_continue_10bar_2.5pt_50d_ESU26-CME_305,ESU26-CME,long,305,308,2026-06-12  11:15:00,2026-6-12 11:24:00.000000,7513.5,7503.5,7518.5,7521.5,7518.5,7521.5,runner_target_hit,true,3,13,650,7,50,593,ES two-contract scaled scalp; first_target_points=5; stop_points=10; runner_target_points=8; runner_stop_mode=initial; slippage_ticks_per_contract=round_turn_default; entry_match_mode=bar_index,false,,,,,,,,,outside scheduled-news blackout windows
1,delta_impulse_continue_10bar_2.5pt_50d_ESU26-CME_310:runner_initial_stop_hit:312,ESU26-CME:2:310:delta_impulse_continue_10bar_2.5pt_50d:candidate_signal:long,delta_impulse_continue_10bar_2.5pt_50d_ESU26-CME_310,ESU26-CME,long,310,312,2026-06-12  11:30:00,2026-6-12 11:36:00.000000,7511.75,7501.75,7516.75,7519.75,7516.75,7501.75,runner_initial_stop_hit,true,2,-5,-250,7,50,-307,ES two-contract scaled scalp; first_target_points=5; stop_points=10; runner_target_points=8; runner_stop_mode=initial; slippage_ticks_per_contract=round_turn_default; entry_match_mode=bar_index,false,,,,,,,,,outside scheduled-news blackout windows
1,delta_impulse_continue_10bar_2.5pt_50d_ESU26-CME_420:full_stop_hit:432,ESU26-CME:2:420:delta_impulse_continue_10bar_2.5pt_50d:candidate_signal:short,delta_impulse_continue_10bar_2.5pt_50d_ESU26-CME_420,ESU26-CME,short,420,432,2026-06-15  10:15:00,2026-6-15 10:51:00.000000,7610.5,7620.5,7605.5,7602.5,7620.5,7620.5,full_stop_hit,false,12,-20,-1000,7,50,-1057,ES two-contract scaled scalp; first_target_points=5; stop_points=10; runner_target_points=8; runner_stop_mode=initial; slippage_ticks_per_contract=round_turn_default; entry_match_mode=bar_index,false,,,,,,,,,outside scheduled-news blackout windows
1,delta_impulse_continue_10bar_2.5pt_50d_ESU26-CME_425:full_stop_hit:434,ESU26-CME:2:425:delta_impulse_continue_10bar_2.5pt_50d:candidate_signal:short,delta_impulse_continue_10bar_2.5pt_50d_ESU26-CME_425,ESU26-CME,short,425,434,2026-06-15  10:30:00,2026-6-15 10:57:00.000000,7612.5,7622.5,7607.5,7604.5,7622.5,7622.5,full_stop_hit,false,9,-20,-1000,7,50,-1057,ES two-contract scaled scalp; first_target_points=5; stop_points=10; runner_target_points=8; runner_stop_mode=initial; slippage_ticks_per_contract=round_turn_default; entry_match_mode=bar_index,false,,,,,,,,,outside scheduled-news blackout windows
1,delta_impulse_continue_10bar_2.5pt_50d_ESU26-CME_430:runner_target_hit:434,ESU26-CME:2:430:delta_impulse_continue_10bar_2.5pt_50d:candidate_signal:long,delta_impulse_continue_10bar_2.5pt_50d_ESU26-CME_430,ESU26-CME,long,430,434,2026-06-15  10:45:00,2026-6-15 10:57:00.000000,7617,7607,7622,7625,7622,7625,runner_target_hit,true,4,13,650,7,50,593,ES two-contract scaled scalp; first_target_points=5; stop_points=10; runner_target_points=8; runner_stop_mode=initial; slippage_ticks_per_contract=round_turn_default; entry_match_mode=bar_index,false,,,,,,,,,outside scheduled-news blackout windows
1,delta_impulse_continue_10bar_2.5pt_50d_ESU26-CME_435:runner_target_hit:444,ESU26-CME:2:435:delta_impulse_continue_10bar_2.5pt_50d:candidate_signal:long,delta_impulse_continue_10bar_2.5pt_50d_ESU26-CME_435,ESU26-CME,long,435,444,2026-06-15  11:00:00,2026-6-15 11:27:00.000000,7625.25,7615.25,7630.25,7633.25,7630.25,7633.25,runner_target_hit,true,9,13,650,7,50,593,ES two-contract scaled scalp; first_target_points=5; stop_points=10; runner_target_points=8; runner_stop_mode=initial; slippage_ticks_per_contract=round_turn_default; entry_match_mode=bar_index,false,,,,,,,,,outside scheduled-news blackout windows
1,delta_impulse_continue_10bar_2.5pt_50d_ESU26-CME_440:runner_target_hit:445,ESU26-CME:2:440:delta_impulse_continue_10bar_2.5pt_50d:candidate_signal:long,delta_impulse_continue_10bar_2.5pt_50d_ESU26-CME_440,ESU26-CME,long,440,445,2026-06-15  11:15:00,2026-6-15 11:30:00.000000,7626.5,7616.5,7631.5,7634.5,7631.5,7634.5,runner_target_hit,true,5,13,650,7,50,593,ES two-contract scaled scalp; first_target_points=5; stop_points=10; runner_target_points=8; runner_stop_mode=initial; slippage_ticks_per_contract=round_turn_default; entry_match_mode=bar_index,false,,,,,,,,,outside scheduled-news blackout windows
1,delta_impulse_continue_10bar_2.5pt_50d_ESU26-CME_445:runner_target_hit:451,ESU26-CME:2:445:delta_impulse_continue_10bar_2.5pt_50d:candidate_signal:long,delta_impulse_continue_10bar_2.5pt_50d_ESU26-CME_445,ESU26-CME,long,445,451,2026-06-15  11:30:00,2026-6-15 11:48:00.000000,7634.75,7624.75,7639.75,7642.75,7639.75,7642.75,runner_target_hit,true,6,13,650,7,50,593,ES two-contract scaled scalp; first_target_points=5; stop_points=10; runner_target_points=8; runner_stop_mode=initial; slippage_ticks_per_contract=round_turn_default; entry_match_mode=bar_index,false,,,,,,,,,outside scheduled-news blackout windows
1,delta_impulse_continue_10bar_2.5pt_50d_ESU26-CME_556:runner_target_hit:557,ESU26-CME:2:556:delta_impulse_continue_10bar_2.5pt_50d:candidate_signal:short,delta_impulse_continue_10bar_2.5pt_50d_ESU26-CME_556,ESU26-CME,short,556,557,2026-06-16  10:18:00,2026-6-16 10:21:00.000000,7622.75,7632.75,7617.75,7614.75,7617.75,7614.75,runner_target_hit,true,1,13,650,7,50,593,ES two-contract scaled scalp; first_target_points=5; stop_points=10; runner_target_points=8; runner_stop_mode=initial; slippage_ticks_per_contract=round_turn_default; entry_match_mode=bar_index,false,,,,,,,,,outside scheduled-news blackout windows
1,delta_impulse_continue_10bar_2.5pt_50d_ESU26-CME_561:full_stop_hit:563,ESU26-CME:2:561:delta_impulse_continue_10bar_2.5pt_50d:candidate_signal:short,delta_impulse_continue_10bar_2.5pt_50d_ESU26-CME_561,ESU26-CME,short,561,563,2026-06-16  10:33:00,2026-6-16 10:39:00.000000,7609.5,7619.5,7604.5,7601.5,7619.5,7619.5,full_stop_hit,false,2,-20,-1000,7,50,-1057,ES two-contract scaled scalp; first_target_points=5; stop_points=10; runner_target_points=8; runner_stop_mode=initial; slippage_ticks_per_contract=round_turn_default; entry_match_mode=bar_index,false,,,,,,,,,outside scheduled-news blackout windows
1,delta_impulse_continue_10bar_2.5pt_50d_ESU26-CME_566:runner_target_hit:579,ESU26-CME:2:566:delta_impulse_continue_10bar_2.5pt_50d:candidate_signal:short,delta_impulse_continue_10bar_2.5pt_50d_ESU26-CME_566,ESU26-CME,short,566,579,2026-06-16  10:48:00,2026-6-16 11:27:00.000000,7614.25,7624.25,7609.25,7606.25,7609.25,7606.25,runner_target_hit,true,13,13,650,7,50,593,ES two-contract scaled scalp; first_target_points=5; stop_points=10; runner_target_points=8; runner_stop_mode=initial; slippage_ticks_per_contract=round_turn_default; entry_match_mode=bar_index,false,,,,,,,,,outside scheduled-news blackout windows
1,delta_impulse_continue_10bar_2.5pt_50d_ESU26-CME_573:runner_target_hit:577,ESU26-CME:2:573:delta_impulse_continue_10bar_2.5pt_50d:candidate_signal:short,delta_impulse_continue_10bar_2.5pt_50d_ESU26-CME_573,ESU26-CME,short,573,577,2026-06-16  11:09:00,2026-6-16 11:21:00.000000,7615.75,7625.75,7610.75,7607.75,7610.75,7607.75,runner_target_hit,true,4,13,650,7,50,593,ES two-contract scaled scalp; first_target_points=5; stop_points=10; runner_target_points=8; runner_stop_mode=initial; slippage_ticks_per_contract=round_turn_default; entry_match_mode=bar_index,false,,,,,,,,,outside scheduled-news blackout windows
1,delta_impulse_continue_10bar_2.5pt_50d_ESU26-CME_578:runner_initial_stop_hit:589,ESU26-CME:2:578:delta_impulse_continue_10bar_2.5pt_50d:candidate_signal:short,delta_impulse_continue_10bar_2.5pt_50d_ESU26-CME_578,ESU26-CME,short,578,589,2026-06-16  11:24:00,2026-6-16 11:57:00.000000,7606.75,7616.75,7601.75,7598.75,7601.75,7616.75,runner_initial_stop_hit,true,11,-5,-250,7,50,-307,ES two-contract scaled scalp; first_target_points=5; stop_points=10; runner_target_points=8; runner_stop_mode=initial; slippage_ticks_per_contract=round_turn_default; entry_match_mode=bar_index,false,,,,,,,,,outside scheduled-news blackout windows
1,delta_impulse_continue_10bar_2.5pt_50d_ESU26-CME_583:runner_target_hit:585,ESU26-CME:2:583:delta_impulse_continue_10bar_2.5pt_50d:candidate_signal:short,delta_impulse_continue_10bar_2.5pt_50d_ESU26-CME_583,ESU26-CME,short,583,585,2026-06-16  11:39:00,2026-6-16 11:45:00.000000,7609,7619,7604,7601,7604,7601,runner_target_hit,true,2,13,650,7,50,593,ES two-contract scaled scalp; first_target_points=5; stop_points=10; runner_target_points=8; runner_stop_mode=initial; slippage_ticks_per_contract=round_turn_default; entry_match_mode=bar_index,false,,,,,,,,,outside scheduled-news blackout windows
1,delta_impulse_continue_10bar_2.5pt_50d_ESU26-CME_691:runner_target_hit:693,ESU26-CME:2:691:delta_impulse_continue_10bar_2.5pt_50d:candidate_signal:long,delta_impulse_continue_10bar_2.5pt_50d_ESU26-CME_691,ESU26-CME,long,691,693,2026-06-17  10:18:00,2026-6-17 10:24:00.000000,7596.25,7586.25,7601.25,7604.25,7601.25,7604.25,runner_target_hit,true,2,13,650,7,50,593,ES two-contract scaled scalp; first_target_points=5; stop_points=10; runner_target_points=8; runner_stop_mode=initial; slippage_ticks_per_contract=round_turn_default; entry_match_mode=bar_index,false,,,,,,,,,outside scheduled-news blackout windows
1,delta_impulse_continue_10bar_2.5pt_50d_ESU26-CME_696:full_stop_hit:698,ESU26-CME:2:696:delta_impulse_continue_10bar_2.5pt_50d:candidate_signal:long,delta_impulse_continue_10bar_2.5pt_50d_ESU26-CME_696,ESU26-CME,long,696,698,2026-06-17  10:33:00,2026-6-17 10:39:00.000000,7587.75,7577.75,7592.75,7595.75,7577.75,7577.75,full_stop_hit,false,2,-20,-1000,7,50,-1057,ES two-contract scaled scalp; first_target_points=5; stop_points=10; runner_target_points=8; runner_stop_mode=initial; slippage_ticks_per_contract=round_turn_default; entry_match_mode=bar_index,false,,,,,,,,,outside scheduled-news blackout windows
1,delta_impulse_continue_10bar_2.5pt_50d_ESU26-CME_701:runner_target_hit:708,ESU26-CME:2:701:delta_impulse_continue_10bar_2.5pt_50d:candidate_signal:short,delta_impulse_continue_10bar_2.5pt_50d_ESU26-CME_701,ESU26-CME,short,701,708,2026-06-17  10:48:00,2026-6-17 11:09:00.000000,7576,7586,7571,7568,7571,7568,runner_target_hit,true,7,13,650,7,50,593,ES two-contract scaled scalp; first_target_points=5; stop_points=10; runner_target_points=8; runner_stop_mode=initial; slippage_ticks_per_contract=round_turn_default; entry_match_mode=bar_index,false,,,,,,,,,outside scheduled-news blackout windows
1,delta_impulse_continue_10bar_2.5pt_50d_ESU26-CME_706:full_stop_hit:711,ESU26-CME:2:706:delta_impulse_continue_10bar_2.5pt_50d:candidate_signal:short,delta_impulse_continue_10bar_2.5pt_50d_ESU26-CME_706,ESU26-CME,short,706,711,2026-06-17  11:03:00,2026-6-17 11:18:00.000000,7572.5,7582.5,7567.5,7564.5,7582.5,7582.5,full_stop_hit,false,5,-20,-1000,7,50,-1057,ES two-contract scaled scalp; first_target_points=5; stop_points=10; runner_target_points=8; runner_stop_mode=initial; slippage_ticks_per_contract=round_turn_default; entry_match_mode=bar_index,false,,,,,,,,,outside scheduled-news blackout windows
1,delta_impulse_continue_10bar_2.5pt_50d_ESU26-CME_711:runner_target_hit:721,ESU26-CME:2:711:delta_impulse_continue_10bar_2.5pt_50d:candidate_signal:long,delta_impulse_continue_10bar_2.5pt_50d_ESU26-CME_711,ESU26-CME,long,711,721,2026-06-17  11:18:00,2026-6-17 11:48:00.000000,7582.75,7572.75,7587.75,7590.75,7587.75,7590.75,runner_target_hit,true,10,13,650,7,50,593,ES two-contract scaled scalp; first_target_points=5; stop_points=10; runner_target_points=8; runner_stop_mode=initial; slippage_ticks_per_contract=round_turn_default; entry_match_mode=bar_index,false,,,,,,,,,outside scheduled-news blackout windows
1,delta_impulse_continue_10bar_2.5pt_50d_ESU26-CME_716:full_stop_hit:745,ESU26-CME:2:716:delta_impulse_continue_10bar_2.5pt_50d:candidate_signal:long,delta_impulse_continue_10bar_2.5pt_50d_ESU26-CME_716,ESU26-CME,long,716,745,2026-06-17  11:33:00,2026-6-17 13:00:00.000000,7588.75,7578.75,7593.75,7596.75,7578.75,7578.75,full_stop_hit,false,29,-20,-1000,7,50,-1057,ES two-contract scaled scalp; first_target_points=5; stop_points=10; runner_target_points=8; runner_stop_mode=initial; slippage_ticks_per_contract=round_turn_default; entry_match_mode=bar_index,false,,,,,,,,,outside scheduled-news blackout windows
1,delta_impulse_continue_10bar_2.5pt_50d_ESU26-CME_825:runner_target_hit:828,ESU26-CME:2:825:delta_impulse_continue_10bar_2.5pt_50d:candidate_signal:long,delta_impulse_continue_10bar_2.5pt_50d_ESU26-CME_825,ESU26-CME,long,825,828,2026-06-18  10:15:00,2026-6-18 10:24:00.000000,7556.75,7546.75,7561.75,7564.75,7561.75,7564.75,runner_target_hit,true,3,13,650,7,50,593,ES two-contract scaled scalp; first_target_points=5; stop_points=10; runner_target_points=8; runner_stop_mode=initial; slippage_ticks_per_contract=round_turn_default; entry_match_mode=bar_index,false,,,,,,,,,outside scheduled-news blackout windows
1,delta_impulse_continue_10bar_2.5pt_50d_ESU26-CME_832:runner_target_hit:836,ESU26-CME:2:832:delta_impulse_continue_10bar_2.5pt_50d:candidate_signal:long,delta_impulse_continue_10bar_2.5pt_50d_ESU26-CME_832,ESU26-CME,long,832,836,2026-06-18  10:36:00,2026-6-18 10:48:00.000000,7561.25,7551.25,7566.25,7569.25,7566.25,7569.25,runner_target_hit,true,4,13,650,7,50,593,ES two-contract scaled scalp; first_target_points=5; stop_points=10; runner_target_points=8; runner_stop_mode=initial; slippage_ticks_per_contract=round_turn_default; entry_match_mode=bar_index,false,,,,,,,,,outside scheduled-news blackout windows
1,delta_impulse_continue_10bar_2.5pt_50d_ESU26-CME_838:runner_initial_stop_hit:846,ESU26-CME:2:838:delta_impulse_continue_10bar_2.5pt_50d:candidate_signal:long,delta_impulse_continue_10bar_2.5pt_50d_ESU26-CME_838,ESU26-CME,long,838,846,2026-06-18  10:54:00,2026-6-18 11:18:00.000000,7565.5,7555.5,7570.5,7573.5,7570.5,7555.5,runner_initial_stop_hit,true,8,-5,-250,7,50,-307,ES two-contract scaled scalp; first_target_points=5; stop_points=10; runner_target_points=8; runner_stop_mode=initial; slippage_ticks_per_contract=round_turn_default; entry_match_mode=bar_index,false,,,,,,,,,outside scheduled-news blackout windows
1,delta_impulse_continue_10bar_2.5pt_50d_ESU26-CME_843:full_stop_hit:845,ESU26-CME:2:843:delta_impulse_continue_10bar_2.5pt_50d:candidate_signal:long,delta_impulse_continue_10bar_2.5pt_50d_ESU26-CME_843,ESU26-CME,long,843,845,2026-06-18  11:09:00,2026-6-18 11:15:00.000000,7566.25,7556.25,7571.25,7574.25,7556.25,7556.25,full_stop_hit,false,2,-20,-1000,7,50,-1057,ES two-contract scaled scalp; first_target_points=5; stop_points=10; runner_target_points=8; runner_stop_mode=initial; slippage_ticks_per_contract=round_turn_default; entry_match_mode=bar_index,false,,,,,,,,,outside scheduled-news blackout windows
1,delta_impulse_continue_10bar_2.5pt_50d_ESU26-CME_857:runner_target_hit:872,ESU26-CME:2:857:delta_impulse_continue_10bar_2.5pt_50d:candidate_signal:long,delta_impulse_continue_10bar_2.5pt_50d_ESU26-CME_857,ESU26-CME,long,857,872,2026-06-18  11:51:00,2026-6-18 12:36:00.000000,7560,7550,7565,7568,7565,7568,runner_target_hit,true,15,13,650,7,50,593,ES two-contract scaled scalp; first_target_points=5; stop_points=10; runner_target_points=8; runner_stop_mode=initial; slippage_ticks_per_contract=round_turn_default; entry_match_mode=bar_index,false,,,,,,,,,outside scheduled-news blackout windows
1,delta_impulse_continue_10bar_2.5pt_50d_ESU26-CME_865:runner_target_hit:873,ESU26-CME:2:865:delta_impulse_continue_10bar_2.5pt_50d:candidate_signal:long,delta_impulse_continue_10bar_2.5pt_50d_ESU26-CME_865,ESU26-CME,long,865,873,2026-06-18  12:15:00,2026-6-18 12:39:00.000000,7561,7551,7566,7569,7566,7569,runner_target_hit,true,8,13,650,7,50,593,ES two-contract scaled scalp; first_target_points=5; stop_points=10; runner_target_points=8; runner_stop_mode=initial; slippage_ticks_per_contract=round_turn_default; entry_match_mode=bar_index,false,,,,,,,,,outside scheduled-news blackout windows
1,delta_impulse_continue_10bar_2.5pt_50d_ESU26-CME_965:runner_target_hit:975,ESU26-CME:2:965:delta_impulse_continue_10bar_2.5pt_50d:candidate_signal:long,delta_impulse_continue_10bar_2.5pt_50d_ESU26-CME_965,ESU26-CME,long,965,975,2026-06-19  10:30:00,2026-6-19 11:00:00.000000,7558.5,7548.5,7563.5,7566.5,7563.5,7566.5,runner_target_hit,true,10,13,650,7,50,593,ES two-contract scaled scalp; first_target_points=5; stop_points=10; runner_target_points=8; runner_stop_mode=initial; slippage_ticks_per_contract=round_turn_default; entry_match_mode=bar_index,false,,,,,,,,,outside scheduled-news blackout windows
1,delta_impulse_continue_10bar_2.5pt_50d_ESU26-CME_970:end_of_session:1014,ESU26-CME:2:970:delta_impulse_continue_10bar_2.5pt_50d:candidate_signal:long,delta_impulse_continue_10bar_2.5pt_50d_ESU26-CME_970,ESU26-CME,long,970,1014,2026-06-19  10:45:00,2026-6-19 12:57:00.000000,7563.75,7553.75,7568.75,7571.75,7556.25,7556.25,end_of_session,false,44,-15,-750,7,50,-807,ES two-contract scaled scalp; first_target_points=5; stop_points=10; runner_target_points=8; runner_stop_mode=initial; slippage_ticks_per_contract=round_turn_default; entry_match_mode=bar_index,false,,,,,,,,,outside scheduled-news blackout windows
1,delta_impulse_continue_10bar_2.5pt_50d_ESU26-CME_975:full_stop_hit:1014,ESU26-CME:2:975:delta_impulse_continue_10bar_2.5pt_50d:candidate_signal:long,delta_impulse_continue_10bar_2.5pt_50d_ESU26-CME_975,ESU26-CME,long,975,1014,2026-06-19  11:00:00,2026-6-19 12:57:00.000000,7566.5,7556.5,7571.5,7574.5,7556.5,7556.5,full_stop_hit,false,39,-20,-1000,7,50,-1057,ES two-contract scaled scalp; first_target_points=5; stop_points=10; runner_target_points=8; runner_stop_mode=initial; slippage_ticks_per_contract=round_turn_default; entry_match_mode=bar_index,false,,,,,,,,,outside scheduled-news blackout windows
1,delta_impulse_continue_10bar_2.5pt_50d_ESU26-CME_986:runner_target_hit:1014,ESU26-CME:2:986:delta_impulse_continue_10bar_2.5pt_50d:candidate_signal:short,delta_impulse_continue_10bar_2.5pt_50d_ESU26-CME_986,ESU26-CME,short,986,1014,2026-06-19  11:33:00,2026-6-19 12:57:00.000000,7562.25,7572.25,7557.25,7554.25,7557.25,7554.25,runner_target_hit,true,28,13,650,7,50,593,ES two-contract scaled scalp; first_target_points=5; stop_points=10; runner_target_points=8; runner_stop_mode=initial; slippage_ticks_per_contract=round_turn_default; entry_match_mode=bar_index,false,,,,,,,,,outside scheduled-news blackout windows
1,delta_impulse_continue_10bar_2.5pt_50d_ESU26-CME_1008:full_stop_hit:1014,ESU26-CME:2:1008:delta_impulse_continue_10bar_2.5pt_50d:candidate_signal:long,delta_impulse_continue_10bar_2.5pt_50d_ESU26-CME_1008,ESU26-CME,long,1008,1014,2026-06-19  12:39:00,2026-6-19 12:57:00.000000,7565.25,7555.25,7570.25,7573.25,7555.25,7555.25,full_stop_hit,false,6,-20,-1000,7,50,-1057,ES two-contract scaled scalp; first_target_points=5; stop_points=10; runner_target_points=8; runner_stop_mode=initial; slippage_ticks_per_contract=round_turn_default; entry_match_mode=bar_index,false,,,,,,,,,outside scheduled-news blackout windows
1,delta_impulse_continue_10bar_2.5pt_50d_ESU26-CME_1014:no_following_bar:1014,ESU26-CME:2:1014:delta_impulse_continue_10bar_2.5pt_50d:candidate_signal:short,delta_impulse_continue_10bar_2.5pt_50d_ESU26-CME_1014,ESU26-CME,short,1014,1014,2026-06-19  12:57:00,2026-06-19  12:57:00,7556.25,7566.25,7551.25,7548.25,7556.25,7556.25,no_following_bar,false,0,0,0,7,50,-57,ES two-contract scaled scalp; first_target_points=5; stop_points=10; runner_target_points=8; runner_stop_mode=initial; slippage_ticks_per_contract=round_turn_default; entry_match_mode=timestamp,false,,,,,,,,,outside scheduled-news blackout windows
1,delta_impulse_continue_10bar_2.5pt_50d_ESU26-CME_1035:runner_target_hit:1042,ESU26-CME:2:1035:delta_impulse_continue_10bar_2.5pt_50d:candidate_signal:short,delta_impulse_continue_10bar_2.5pt_50d_ESU26-CME_1035,ESU26-CME,short,1035,1042,2026-06-22  10:30:00,2026-6-22 10:51:00.000000,7547.75,7557.75,7542.75,7539.75,7542.75,7539.75,runner_target_hit,true,7,13,650,7,50,593,ES two-contract scaled scalp; first_target_points=5; stop_points=10; runner_target_points=8; runner_stop_mode=initial; slippage_ticks_per_contract=round_turn_default; entry_match_mode=bar_index,false,,,,,,,,,outside scheduled-news blackout windows
1,delta_impulse_continue_10bar_2.5pt_50d_ESU26-CME_1040:runner_target_hit:1043,ESU26-CME:2:1040:delta_impulse_continue_10bar_2.5pt_50d:candidate_signal:short,delta_impulse_continue_10bar_2.5pt_50d_ESU26-CME_1040,ESU26-CME,short,1040,1043,2026-06-22  10:45:00,2026-6-22 10:54:00.000000,7543.75,7553.75,7538.75,7535.75,7538.75,7535.75,runner_target_hit,true,3,13,650,7,50,593,ES two-contract scaled scalp; first_target_points=5; stop_points=10; runner_target_points=8; runner_stop_mode=initial; slippage_ticks_per_contract=round_turn_default; entry_match_mode=bar_index,false,,,,,,,,,outside scheduled-news blackout windows
1,delta_impulse_continue_10bar_2.5pt_50d_ESU26-CME_1046:runner_initial_stop_hit:1058,ESU26-CME:2:1046:delta_impulse_continue_10bar_2.5pt_50d:candidate_signal:short,delta_impulse_continue_10bar_2.5pt_50d_ESU26-CME_1046,ESU26-CME,short,1046,1058,2026-06-22  11:03:00,2026-6-22 11:39:00.000000,7541.5,7551.5,7536.5,7533.5,7536.5,7551.5,runner_initial_stop_hit,true,12,-5,-250,7,50,-307,ES two-contract scaled scalp; first_target_points=5; stop_points=10; runner_target_points=8; runner_stop_mode=initial; slippage_ticks_per_contract=round_turn_default; entry_match_mode=bar_index,false,,,,,,,,,outside scheduled-news blackout windows
1,delta_impulse_continue_10bar_2.5pt_50d_ESU26-CME_1051:full_stop_hit:1053,ESU26-CME:2:1051:delta_impulse_continue_10bar_2.5pt_50d:candidate_signal:short,delta_impulse_continue_10bar_2.5pt_50d_ESU26-CME_1051,ESU26-CME,short,1051,1053,2026-06-22  11:18:00,2026-6-22 11:24:00.000000,7536.25,7546.25,7531.25,7528.25,7546.25,7546.25,full_stop_hit,false,2,-20,-1000,7,50,-1057,ES two-contract scaled scalp; first_target_points=5; stop_points=10; runner_target_points=8; runner_stop_mode=initial; slippage_ticks_per_contract=round_turn_default; entry_match_mode=bar_index,false,,,,,,,,,outside scheduled-news blackout windows
1,delta_impulse_continue_10bar_2.5pt_50d_ESU26-CME_1057:runner_target_hit:1058,ESU26-CME:2:1057:delta_impulse_continue_10bar_2.5pt_50d:candidate_signal:long,delta_impulse_continue_10bar_2.5pt_50d_ESU26-CME_1057,ESU26-CME,long,1057,1058,2026-06-22  11:36:00,2026-6-22 11:39:00.000000,7545.75,7535.75,7550.75,7553.75,7550.75,7553.75,runner_target_hit,true,1,13,650,7,50,593,ES two-contract scaled scalp; first_target_points=5; stop_points=10; runner_target_points=8; runner_stop_mode=initial; slippage_ticks_per_contract=round_turn_default; entry_match_mode=bar_index,false,,,,,,,,,outside scheduled-news blackout windows
1,delta_impulse_continue_10bar_2.5pt_50d_ESU26-CME_1064:full_stop_hit:1066,ESU26-CME:2:1064:delta_impulse_continue_10bar_2.5pt_50d:candidate_signal:long,delta_impulse_continue_10bar_2.5pt_50d_ESU26-CME_1064,ESU26-CME,long,1064,1066,2026-06-22  11:57:00,2026-6-22 12:03:00.000000,7542.5,7532.5,7547.5,7550.5,7532.5,7532.5,full_stop_hit,false,2,-20,-1000,7,50,-1057,ES two-contract scaled scalp; first_target_points=5; stop_points=10; runner_target_points=8; runner_stop_mode=initial; slippage_ticks_per_contract=round_turn_default; entry_match_mode=bar_index,false,,,,,,,,,outside scheduled-news blackout windows
1,delta_impulse_continue_10bar_2.5pt_50d_ESU26-CME_1165:runner_target_hit:1166,ESU26-CME:2:1165:delta_impulse_continue_10bar_2.5pt_50d:candidate_signal:long,delta_impulse_continue_10bar_2.5pt_50d_ESU26-CME_1165,ESU26-CME,long,1165,1166,2026-06-23  10:15:00,2026-6-23 10:18:00.000000,7482,7472,7487,7490,7487,7490,runner_target_hit,true,1,13,650,7,50,593,ES two-contract scaled scalp; first_target_points=5; stop_points=10; runner_target_points=8; runner_stop_mode=initial; slippage_ticks_per_contract=round_turn_default; entry_match_mode=bar_index,false,,,,,,,,,outside scheduled-news blackout windows
1,delta_impulse_continue_10bar_2.5pt_50d_ESU26-CME_1173:runner_target_hit:1178,ESU26-CME:2:1173:delta_impulse_continue_10bar_2.5pt_50d:candidate_signal:short,delta_impulse_continue_10bar_2.5pt_50d_ESU26-CME_1173,ESU26-CME,short,1173,1178,2026-06-23  10:39:00,2026-6-23 10:54:00.000000,7468.75,7478.75,7463.75,7460.75,7463.75,7460.75,runner_target_hit,true,5,13,650,7,50,593,ES two-contract scaled scalp; first_target_points=5; stop_points=10; runner_target_points=8; runner_stop_mode=initial; slippage_ticks_per_contract=round_turn_default; entry_match_mode=bar_index,false,,,,,,,,,outside scheduled-news blackout windows
1,delta_impulse_continue_10bar_2.5pt_50d_ESU26-CME_1178:runner_target_hit:1182,ESU26-CME:2:1178:delta_impulse_continue_10bar_2.5pt_50d:candidate_signal:short,delta_impulse_continue_10bar_2.5pt_50d_ESU26-CME_1178,ESU26-CME,short,1178,1182,2026-06-23  10:54:00,2026-6-23 11:06:00.000000,7461.25,7471.25,7456.25,7453.25,7456.25,7453.25,runner_target_hit,true,4,13,650,7,50,593,ES two-contract scaled scalp; first_target_points=5; stop_points=10; runner_target_points=8; runner_stop_mode=initial; slippage_ticks_per_contract=round_turn_default; entry_match_mode=bar_index,false,,,,,,,,,outside scheduled-news blackout windows
1,delta_impulse_continue_10bar_2.5pt_50d_ESU26-CME_1183:runner_target_hit:1186,ESU26-CME:2:1183:delta_impulse_continue_10bar_2.5pt_50d:candidate_signal:short,delta_impulse_continue_10bar_2.5pt_50d_ESU26-CME_1183,ESU26-CME,short,1183,1186,2026-06-23  11:09:00,2026-6-23 11:18:00.000000,7454,7464,7449,7446,7449,7446,runner_target_hit,true,3,13,650,7,50,593,ES two-contract scaled scalp; first_target_points=5; stop_points=10; runner_target_points=8; runner_stop_mode=initial; slippage_ticks_per_contract=round_turn_default; entry_match_mode=bar_index,false,,,,,,,,,outside scheduled-news blackout windows
1,delta_impulse_continue_10bar_2.5pt_50d_ESU26-CME_1188:runner_initial_stop_hit:1197,ESU26-CME:2:1188:delta_impulse_continue_10bar_2.5pt_50d:candidate_signal:short,delta_impulse_continue_10bar_2.5pt_50d_ESU26-CME_1188,ESU26-CME,short,1188,1197,2026-06-23  11:24:00,2026-6-23 11:51:00.000000,7441.75,7451.75,7436.75,7433.75,7436.75,7451.75,runner_initial_stop_hit,true,9,-5,-250,7,50,-307,ES two-contract scaled scalp; first_target_points=5; stop_points=10; runner_target_points=8; runner_stop_mode=initial; slippage_ticks_per_contract=round_turn_default; entry_match_mode=bar_index,false,,,,,,,,,outside scheduled-news blackout windows
1,delta_impulse_continue_10bar_2.5pt_50d_ESU26-CME_1193:full_stop_hit:1197,ESU26-CME:2:1193:delta_impulse_continue_10bar_2.5pt_50d:candidate_signal:short,delta_impulse_continue_10bar_2.5pt_50d_ESU26-CME_1193,ESU26-CME,short,1193,1197,2026-06-23  11:39:00,2026-6-23 11:51:00.000000,7442,7452,7437,7434,7452,7452,full_stop_hit,false,4,-20,-1000,7,50,-1057,ES two-contract scaled scalp; first_target_points=5; stop_points=10; runner_target_points=8; runner_stop_mode=initial; slippage_ticks_per_contract=round_turn_default; entry_match_mode=bar_index,false,,,,,,,,,outside scheduled-news blackout windows
1,delta_impulse_continue_10bar_2.5pt_50d_ESU26-CME_1300:runner_initial_stop_hit:1302,ESU26-CME:2:1300:delta_impulse_continue_10bar_2.5pt_50d:candidate_signal:short,delta_impulse_continue_10bar_2.5pt_50d_ESU26-CME_1300,ESU26-CME,short,1300,1302,2026-06-24  10:15:00,2026-6-24 10:21:00.000000,7443.25,7453.25,7438.25,7435.25,7438.25,7453.25,runner_initial_stop_hit,true,2,-5,-250,7,50,-307,ES two-contract scaled scalp; first_target_points=5; stop_points=10; runner_target_points=8; runner_stop_mode=initial; slippage_ticks_per_contract=round_turn_default; entry_match_mode=bar_index,true,census-new-home-sales-2026-06-24,2026-06-24 10:00:00,New Residential Sales,USD,medium,15,10,15,inside scheduled-news blackout window
1,delta_impulse_continue_10bar_2.5pt_50d_ESU26-CME_1307:runner_target_hit:1309,ESU26-CME:2:1307:delta_impulse_continue_10bar_2.5pt_50d:candidate_signal:long,delta_impulse_continue_10bar_2.5pt_50d_ESU26-CME_1307,ESU26-CME,long,1307,1309,2026-06-24  10:36:00,2026-6-24 10:42:00.000000,7464,7454,7469,7472,7469,7472,runner_target_hit,true,2,13,650,7,50,593,ES two-contract scaled scalp; first_target_points=5; stop_points=10; runner_target_points=8; runner_stop_mode=initial; slippage_ticks_per_contract=round_turn_default; entry_match_mode=bar_index,false,,,,,,,,,outside scheduled-news blackout windows
1,delta_impulse_continue_10bar_2.5pt_50d_ESU26-CME_1312:runner_target_hit:1314,ESU26-CME:2:1312:delta_impulse_continue_10bar_2.5pt_50d:candidate_signal:long,delta_impulse_continue_10bar_2.5pt_50d_ESU26-CME_1312,ESU26-CME,long,1312,1314,2026-06-24  10:51:00,2026-6-24 10:57:00.000000,7485.75,7475.75,7490.75,7493.75,7490.75,7493.75,runner_target_hit,true,2,13,650,7,50,593,ES two-contract scaled scalp; first_target_points=5; stop_points=10; runner_target_points=8; runner_stop_mode=initial; slippage_ticks_per_contract=round_turn_default; entry_match_mode=bar_index,false,,,,,,,,,outside scheduled-news blackout windows
1,delta_impulse_continue_10bar_2.5pt_50d_ESU26-CME_1317:runner_target_hit:1324,ESU26-CME:2:1317:delta_impulse_continue_10bar_2.5pt_50d:candidate_signal:long,delta_impulse_continue_10bar_2.5pt_50d_ESU26-CME_1317,ESU26-CME,long,1317,1324,2026-06-24  11:06:00,2026-6-24 11:27:00.000000,7483.75,7473.75,7488.75,7491.75,7488.75,7491.75,runner_target_hit,true,7,13,650,7,50,593,ES two-contract scaled scalp; first_target_points=5; stop_points=10; runner_target_points=8; runner_stop_mode=initial; slippage_ticks_per_contract=round_turn_default; entry_match_mode=bar_index,false,,,,,,,,,outside scheduled-news blackout windows
1,delta_impulse_continue_10bar_2.5pt_50d_ESU26-CME_1330:full_stop_hit:1331,ESU26-CME:2:1330:delta_impulse_continue_10bar_2.5pt_50d:candidate_signal:short,delta_impulse_continue_10bar_2.5pt_50d_ESU26-CME_1330,ESU26-CME,short,1330,1331,2026-06-24  11:45:00,2026-6-24 11:48:00.000000,7476,7486,7471,7468,7486,7486,full_stop_hit,false,1,-20,-1000,7,50,-1057,ES two-contract scaled scalp; first_target_points=5; stop_points=10; runner_target_points=8; runner_stop_mode=initial; slippage_ticks_per_contract=round_turn_default; entry_match_mode=bar_index,false,,,,,,,,,outside scheduled-news blackout windows
1,delta_impulse_continue_10bar_2.5pt_50d_ESU26-CME_1335:runner_target_hit:1347,ESU26-CME:2:1335:delta_impulse_continue_10bar_2.5pt_50d:candidate_signal:short,delta_impulse_continue_10bar_2.5pt_50d_ESU26-CME_1335,ESU26-CME,short,1335,1347,2026-06-24  12:00:00,2026-6-24 12:36:00.000000,7479.25,7489.25,7474.25,7471.25,7474.25,7471.25,runner_target_hit,true,12,13,650,7,50,593,ES two-contract scaled scalp; first_target_points=5; stop_points=10; runner_target_points=8; runner_stop_mode=initial; slippage_ticks_per_contract=round_turn_default; entry_match_mode=bar_index,false,,,,,,,,,outside scheduled-news blackout windows
1,delta_impulse_continue_10bar_2.5pt_50d_ESU26-CME_1435:runner_target_hit:1436,ESU26-CME:2:1435:delta_impulse_continue_10bar_2.5pt_50d:candidate_signal:long,delta_impulse_continue_10bar_2.5pt_50d_ESU26-CME_1435,ESU26-CME,long,1435,1436,2026-06-25  10:15:00,2026-6-25 10:18:00.000000,7436.75,7426.75,7441.75,7444.75,7441.75,7444.75,runner_target_hit,true,1,13,650,7,50,593,ES two-contract scaled scalp; first_target_points=5; stop_points=10; runner_target_points=8; runner_stop_mode=initial; slippage_ticks_per_contract=round_turn_default; entry_match_mode=bar_index,false,,,,,,,,,outside scheduled-news blackout windows
1,delta_impulse_continue_10bar_2.5pt_50d_ESU26-CME_1440:runner_initial_stop_hit:1444,ESU26-CME:2:1440:delta_impulse_continue_10bar_2.5pt_50d:candidate_signal:long,delta_impulse_continue_10bar_2.5pt_50d_ESU26-CME_1440,ESU26-CME,long,1440,1444,2026-06-25  10:30:00,2026-6-25 10:42:00.000000,7460.75,7450.75,7465.75,7468.75,7465.75,7450.75,runner_initial_stop_hit,true,4,-5,-250,7,50,-307,ES two-contract scaled scalp; first_target_points=5; stop_points=10; runner_target_points=8; runner_stop_mode=initial; slippage_ticks_per_contract=round_turn_default; entry_match_mode=bar_index,false,,,,,,,,,outside scheduled-news blackout windows
1,delta_impulse_continue_10bar_2.5pt_50d_ESU26-CME_1445:runner_target_hit:1446,ESU26-CME:2:1445:delta_impulse_continue_10bar_2.5pt_50d:candidate_signal:long,delta_impulse_continue_10bar_2.5pt_50d_ESU26-CME_1445,ESU26-CME,long,1445,1446,2026-06-25  10:45:00,2026-6-25 10:48:00.000000,7451,7441,7456,7459,7456,7459,runner_target_hit,true,1,13,650,7,50,593,ES two-contract scaled scalp; first_target_points=5; stop_points=10; runner_target_points=8; runner_stop_mode=initial; slippage_ticks_per_contract=round_turn_default; entry_match_mode=bar_index,false,,,,,,,,,outside scheduled-news blackout windows
1,delta_impulse_continue_10bar_2.5pt_50d_ESU26-CME_1450:runner_target_hit:1452,ESU26-CME:2:1450:delta_impulse_continue_10bar_2.5pt_50d:candidate_signal:short,delta_impulse_continue_10bar_2.5pt_50d_ESU26-CME_1450,ESU26-CME,short,1450,1452,2026-06-25  11:00:00,2026-6-25 11:06:00.000000,7456,7466,7451,7448,7451,7448,runner_target_hit,true,2,13,650,7,50,593,ES two-contract scaled scalp; first_target_points=5; stop_points=10; runner_target_points=8; runner_stop_mode=initial; slippage_ticks_per_contract=round_turn_default; entry_match_mode=bar_index,false,,,,,,,,,outside scheduled-news blackout windows
1,delta_impulse_continue_10bar_2.5pt_50d_ESU26-CME_1455:full_stop_hit:1456,ESU26-CME:2:1455:delta_impulse_continue_10bar_2.5pt_50d:candidate_signal:short,delta_impulse_continue_10bar_2.5pt_50d_ESU26-CME_1455,ESU26-CME,short,1455,1456,2026-06-25  11:15:00,2026-6-25 11:18:00.000000,7424.75,7434.75,7419.75,7416.75,7434.75,7434.75,full_stop_hit,false,1,-20,-1000,7,50,-1057,ES two-contract scaled scalp; first_target_points=5; stop_points=10; runner_target_points=8; runner_stop_mode=initial; slippage_ticks_per_contract=round_turn_default; entry_match_mode=bar_index,false,,,,,,,,,outside scheduled-news blackout windows
1,delta_impulse_continue_10bar_2.5pt_50d_ESU26-CME_1460:runner_target_hit:1461,ESU26-CME:2:1460:delta_impulse_continue_10bar_2.5pt_50d:candidate_signal:short,delta_impulse_continue_10bar_2.5pt_50d_ESU26-CME_1460,ESU26-CME,short,1460,1461,2026-06-25  11:30:00,2026-6-25 11:33:00.000000,7449.75,7459.75,7444.75,7441.75,7444.75,7441.75,runner_target_hit,true,1,13,650,7,50,593,ES two-contract scaled scalp; first_target_points=5; stop_points=10; runner_target_points=8; runner_stop_mode=initial; slippage_ticks_per_contract=round_turn_default; entry_match_mode=bar_index,false,,,,,,,,,outside scheduled-news blackout windows
1,delta_impulse_continue_10bar_2.5pt_50d_ESU26-CME_1570:runner_target_hit:1571,ESU26-CME:2:1570:delta_impulse_continue_10bar_2.5pt_50d:candidate_signal:long,delta_impulse_continue_10bar_2.5pt_50d_ESU26-CME_1570,ESU26-CME,long,1570,1571,2026-06-26  10:15:00,2026-6-26 10:18:00.000000,7418.75,7408.75,7423.75,7426.75,7423.75,7426.75,runner_target_hit,true,1,13,650,7,50,593,ES two-contract scaled scalp; first_target_points=5; stop_points=10; runner_target_points=8; runner_stop_mode=initial; slippage_ticks_per_contract=round_turn_default; entry_match_mode=bar_index,false,,,,,,,,,outside scheduled-news blackout windows
1,delta_impulse_continue_10bar_2.5pt_50d_ESU26-CME_1575:runner_initial_stop_hit:1578,ESU26-CME:2:1575:delta_impulse_continue_10bar_2.5pt_50d:candidate_signal:long,delta_impulse_continue_10bar_2.5pt_50d_ESU26-CME_1575,ESU26-CME,long,1575,1578,2026-06-26  10:30:00,2026-6-26 10:39:00.000000,7425,7415,7430,7433,7430,7415,runner_initial_stop_hit,true,3,-5,-250,7,50,-307,ES two-contract scaled scalp; first_target_points=5; stop_points=10; runner_target_points=8; runner_stop_mode=initial; slippage_ticks_per_contract=round_turn_default; entry_match_mode=bar_index,false,,,,,,,,,outside scheduled-news blackout windows
1,delta_impulse_continue_10bar_2.5pt_50d_ESU26-CME_1581:runner_target_hit:1582,ESU26-CME:2:1581:delta_impulse_continue_10bar_2.5pt_50d:candidate_signal:short,delta_impulse_continue_10bar_2.5pt_50d_ESU26-CME_1581,ESU26-CME,short,1581,1582,2026-06-26  10:48:00,2026-6-26 10:51:00.000000,7424.5,7434.5,7419.5,7416.5,7419.5,7416.5,runner_target_hit,true,1,13,650,7,50,593,ES two-contract scaled scalp; first_target_points=5; stop_points=10; runner_target_points=8; runner_stop_mode=initial; slippage_ticks_per_contract=round_turn_default; entry_match_mode=bar_index,false,,,,,,,,,outside scheduled-news blackout windows
1,delta_impulse_continue_10bar_2.5pt_50d_ESU26-CME_1586:runner_target_hit:1590,ESU26-CME:2:1586:delta_impulse_continue_10bar_2.5pt_50d:candidate_signal:short,delta_impulse_continue_10bar_2.5pt_50d_ESU26-CME_1586,ESU26-CME,short,1586,1590,2026-06-26  11:03:00,2026-6-26 11:15:00.000000,7418.25,7428.25,7413.25,7410.25,7413.25,7410.25,runner_target_hit,true,4,13,650,7,50,593,ES two-contract scaled scalp; first_target_points=5; stop_points=10; runner_target_points=8; runner_stop_mode=initial; slippage_ticks_per_contract=round_turn_default; entry_match_mode=bar_index,false,,,,,,,,,outside scheduled-news blackout windows
1,delta_impulse_continue_10bar_2.5pt_50d_ESU26-CME_1593:runner_target_hit:1595,ESU26-CME:2:1593:delta_impulse_continue_10bar_2.5pt_50d:candidate_signal:long,delta_impulse_continue_10bar_2.5pt_50d_ESU26-CME_1593,ESU26-CME,long,1593,1595,2026-06-26  11:24:00,2026-6-26 11:30:00.000000,7436,7426,7441,7444,7441,7444,runner_target_hit,true,2,13,650,7,50,593,ES two-contract scaled scalp; first_target_points=5; stop_points=10; runner_target_points=8; runner_stop_mode=initial; slippage_ticks_per_contract=round_turn_default; entry_match_mode=bar_index,false,,,,,,,,,outside scheduled-news blackout windows
1,delta_impulse_continue_10bar_2.5pt_50d_ESU26-CME_1598:runner_target_hit:1599,ESU26-CME:2:1598:delta_impulse_continue_10bar_2.5pt_50d:candidate_signal:long,delta_impulse_continue_10bar_2.5pt_50d_ESU26-CME_1598,ESU26-CME,long,1598,1599,2026-06-26  11:39:00,2026-6-26 11:42:00.000000,7449.25,7439.25,7454.25,7457.25,7454.25,7457.25,runner_target_hit,true,1,13,650,7,50,593,ES two-contract scaled scalp; first_target_points=5; stop_points=10; runner_target_points=8; runner_stop_mode=initial; slippage_ticks_per_contract=round_turn_default; entry_match_mode=bar_index,false,,,,,,,,,outside scheduled-news blackout windows
