schema_version,split_id,sample,selected_on_train,trade_dates,experiment_id,strategy_id,direction_filter,first_target_points,stop_points,runner_target_points,runner_stop_mode,input_signal_rows,input_candidates,evaluated_trades,full_stops,first_target_hits,runner_target_hits,runner_stop_exits,end_of_session_exits,other_exits,positive_net_trades,positive_net_rate,gross_usd,net_usd,average_net_usd,long_trades,short_trades,notes
1,scaled_scalp_walk_forward_window=1:train_dates=8:holdout_dates=1,train,true,2026-05-21;2026-05-22;2026-05-25;2026-05-26;2026-05-27;2026-05-28;2026-05-29;2026-06-01,signal_scaled_scalp:strategy=vwap_extension_fade_3pt:direction=all:first_target_points=3:stop_points=8:runner_target_points=20:runner_stop_mode=breakeven,vwap_extension_fade_3pt,all,3,8,20,breakeven,48,48,48,9,39,11,23,5,0,39,0.8125,11487.5,11151.5,232.32291667,27,21,"two-contract post-signal scalp: one contract exits at first target, one runner uses selected stop mode and runner target"
1,scaled_scalp_walk_forward_window=1:train_dates=8:holdout_dates=1,holdout,true,2026-06-02,signal_scaled_scalp:strategy=vwap_extension_fade_3pt:direction=all:first_target_points=3:stop_points=8:runner_target_points=20:runner_stop_mode=breakeven,vwap_extension_fade_3pt,all,3,8,20,breakeven,6,6,6,4,2,0,2,0,0,2,0.33333333,-2900,-2942,-490.33333333,0,6,"two-contract post-signal scalp: one contract exits at first target, one runner uses selected stop mode and runner target"
1,scaled_scalp_walk_forward_window=2:train_dates=8:holdout_dates=1,train,true,2026-05-22;2026-05-25;2026-05-26;2026-05-27;2026-05-28;2026-05-29;2026-06-01;2026-06-02,signal_scaled_scalp:strategy=vwap_extension_fade_3pt:direction=all:first_target_points=2:stop_points=8:runner_target_points=20:runner_stop_mode=breakeven,vwap_extension_fade_3pt,all,2,8,20,breakeven,48,48,48,7,41,9,27,5,0,41,0.85416667,9337.5,9001.5,187.53125,22,26,"two-contract post-signal scalp: one contract exits at first target, one runner uses selected stop mode and runner target"
1,scaled_scalp_walk_forward_window=2:train_dates=8:holdout_dates=1,holdout,true,2026-06-03,signal_scaled_scalp:strategy=vwap_extension_fade_3pt:direction=all:first_target_points=2:stop_points=8:runner_target_points=20:runner_stop_mode=breakeven,vwap_extension_fade_3pt,all,2,8,20,breakeven,6,6,6,1,5,0,5,0,0,5,0.83333333,-300,-342,-57,4,2,"two-contract post-signal scalp: one contract exits at first target, one runner uses selected stop mode and runner target"
1,scaled_scalp_walk_forward_window=3:train_dates=8:holdout_dates=1,train,true,2026-05-25;2026-05-26;2026-05-27;2026-05-28;2026-05-29;2026-06-01;2026-06-02;2026-06-03,signal_scaled_scalp:strategy=vwap_extension_fade_3pt:direction=all:first_target_points=2:stop_points=8:runner_target_points=20:runner_stop_mode=breakeven,vwap_extension_fade_3pt,all,2,8,20,breakeven,48,48,48,6,42,6,31,5,0,42,0.875,7237.5,6901.5,143.78125,22,26,"two-contract post-signal scalp: one contract exits at first target, one runner uses selected stop mode and runner target"
1,scaled_scalp_walk_forward_window=3:train_dates=8:holdout_dates=1,holdout,true,2026-06-04,signal_scaled_scalp:strategy=vwap_extension_fade_3pt:direction=all:first_target_points=2:stop_points=8:runner_target_points=20:runner_stop_mode=breakeven,vwap_extension_fade_3pt,all,2,8,20,breakeven,6,6,6,1,5,1,4,0,0,5,0.83333333,700,658,109.66666667,1,5,"two-contract post-signal scalp: one contract exits at first target, one runner uses selected stop mode and runner target"
1,scaled_scalp_walk_forward_window=4:train_dates=8:holdout_dates=1,train,true,2026-05-26;2026-05-27;2026-05-28;2026-05-29;2026-06-01;2026-06-02;2026-06-03;2026-06-04,signal_scaled_scalp:strategy=vwap_extension_fade_3pt:direction=all:first_target_points=2:stop_points=8:runner_target_points=20:runner_stop_mode=breakeven,vwap_extension_fade_3pt,all,2,8,20,breakeven,48,48,48,7,41,7,34,0,0,41,0.85416667,5500,5164,107.58333333,17,31,"two-contract post-signal scalp: one contract exits at first target, one runner uses selected stop mode and runner target"
1,scaled_scalp_walk_forward_window=4:train_dates=8:holdout_dates=1,holdout,true,2026-06-05,signal_scaled_scalp:strategy=vwap_extension_fade_3pt:direction=all:first_target_points=2:stop_points=8:runner_target_points=20:runner_stop_mode=breakeven,vwap_extension_fade_3pt,all,2,8,20,breakeven,6,6,6,0,6,0,6,0,0,6,1,600,558,93,5,1,"two-contract post-signal scalp: one contract exits at first target, one runner uses selected stop mode and runner target"
1,scaled_scalp_walk_forward_window=5:train_dates=8:holdout_dates=1,train,true,2026-05-27;2026-05-28;2026-05-29;2026-06-01;2026-06-02;2026-06-03;2026-06-04;2026-06-05,signal_scaled_scalp:strategy=vwap_extension_fade_3pt:direction=all:first_target_points=2:stop_points=8:runner_target_points=10:runner_stop_mode=breakeven,vwap_extension_fade_3pt,all,2,8,10,breakeven,48,48,48,6,42,10,32,0,0,42,0.875,4400,4064,84.66666667,21,27,"two-contract post-signal scalp: one contract exits at first target, one runner uses selected stop mode and runner target"
1,scaled_scalp_walk_forward_window=5:train_dates=8:holdout_dates=1,holdout,true,2026-06-08,signal_scaled_scalp:strategy=vwap_extension_fade_3pt:direction=all:first_target_points=2:stop_points=8:runner_target_points=10:runner_stop_mode=breakeven,vwap_extension_fade_3pt,all,2,8,10,breakeven,6,6,6,1,5,1,4,0,0,5,0.83333333,200,158,26.33333333,2,4,"two-contract post-signal scalp: one contract exits at first target, one runner uses selected stop mode and runner target"
1,scaled_scalp_walk_forward_window=6:train_dates=8:holdout_dates=1,train,true,2026-05-28;2026-05-29;2026-06-01;2026-06-02;2026-06-03;2026-06-04;2026-06-05;2026-06-08,signal_scaled_scalp:strategy=vwap_extension_fade_3pt:direction=all:first_target_points=3:stop_points=6:runner_target_points=20:runner_stop_mode=initial,vwap_extension_fade_3pt,all,3,6,20,initial,48,48,48,11,37,15,21,1,0,16,0.33333333,7775,7439,154.97916667,19,29,"two-contract post-signal scalp: one contract exits at first target, one runner uses selected stop mode and runner target"
1,scaled_scalp_walk_forward_window=6:train_dates=8:holdout_dates=1,holdout,true,2026-06-09,signal_scaled_scalp:strategy=vwap_extension_fade_3pt:direction=all:first_target_points=3:stop_points=6:runner_target_points=20:runner_stop_mode=initial,vwap_extension_fade_3pt,all,3,6,20,initial,6,6,6,5,1,0,1,0,0,0,0,-3150,-3192,-532,5,1,"two-contract post-signal scalp: one contract exits at first target, one runner uses selected stop mode and runner target"
1,scaled_scalp_walk_forward_window=7:train_dates=8:holdout_dates=1,train,true,2026-05-29;2026-06-01;2026-06-02;2026-06-03;2026-06-04;2026-06-05;2026-06-08;2026-06-09,signal_scaled_scalp:strategy=vwap_extension_fade_3pt:direction=all:first_target_points=3:stop_points=6:runner_target_points=20:runner_stop_mode=initial,vwap_extension_fade_3pt,all,3,6,20,initial,48,48,48,15,33,14,18,1,0,15,0.3125,4675,4339,90.39583333,23,25,"two-contract post-signal scalp: one contract exits at first target, one runner uses selected stop mode and runner target"
1,scaled_scalp_walk_forward_window=7:train_dates=8:holdout_dates=1,holdout,true,2026-06-10,signal_scaled_scalp:strategy=vwap_extension_fade_3pt:direction=all:first_target_points=3:stop_points=6:runner_target_points=20:runner_stop_mode=initial,vwap_extension_fade_3pt,all,3,6,20,initial,6,6,6,0,6,1,5,0,0,1,0.16666667,400,358,59.66666667,2,4,"two-contract post-signal scalp: one contract exits at first target, one runner uses selected stop mode and runner target"
1,scaled_scalp_walk_forward_window=8:train_dates=8:holdout_dates=1,train,true,2026-06-01;2026-06-02;2026-06-03;2026-06-04;2026-06-05;2026-06-08;2026-06-09;2026-06-10,signal_scaled_scalp:strategy=vwap_extension_fade_3pt:direction=all:first_target_points=3:stop_points=6:runner_target_points=20:runner_stop_mode=initial,vwap_extension_fade_3pt,all,3,6,20,initial,48,48,48,13,35,13,21,1,0,14,0.29166667,4275,3939,82.0625,22,26,"two-contract post-signal scalp: one contract exits at first target, one runner uses selected stop mode and runner target"
1,scaled_scalp_walk_forward_window=8:train_dates=8:holdout_dates=1,holdout,true,2026-06-11,signal_scaled_scalp:strategy=vwap_extension_fade_3pt:direction=all:first_target_points=3:stop_points=6:runner_target_points=20:runner_stop_mode=initial,vwap_extension_fade_3pt,all,3,6,20,initial,6,6,6,1,5,1,4,0,0,1,0.16666667,-50,-92,-15.33333333,4,2,"two-contract post-signal scalp: one contract exits at first target, one runner uses selected stop mode and runner target"
1,scaled_scalp_walk_forward_window=9:train_dates=8:holdout_dates=1,train,true,2026-06-02;2026-06-03;2026-06-04;2026-06-05;2026-06-08;2026-06-09;2026-06-10;2026-06-11,signal_scaled_scalp:strategy=vwap_extension_fade_3pt:direction=all:first_target_points=4:stop_points=4:runner_target_points=8:runner_stop_mode=breakeven,vwap_extension_fade_3pt,all,4,4,8,breakeven,48,48,48,22,26,14,12,0,0,26,0.54166667,2000,1664,34.66666667,23,25,"two-contract post-signal scalp: one contract exits at first target, one runner uses selected stop mode and runner target"
1,scaled_scalp_walk_forward_window=9:train_dates=8:holdout_dates=1,holdout,true,2026-06-12,signal_scaled_scalp:strategy=vwap_extension_fade_3pt:direction=all:first_target_points=4:stop_points=4:runner_target_points=8:runner_stop_mode=breakeven,vwap_extension_fade_3pt,all,4,4,8,breakeven,6,6,6,3,3,0,3,0,0,3,0.5,-600,-642,-107,3,3,"two-contract post-signal scalp: one contract exits at first target, one runner uses selected stop mode and runner target"
1,scaled_scalp_walk_forward_window=10:train_dates=8:holdout_dates=1,train,true,2026-06-03;2026-06-04;2026-06-05;2026-06-08;2026-06-09;2026-06-10;2026-06-11;2026-06-12,signal_scaled_scalp:strategy=vwap_extension_fade_3pt:direction=all:first_target_points=3:stop_points=6:runner_target_points=8:runner_stop_mode=breakeven,vwap_extension_fade_3pt,all,3,6,8,breakeven,48,48,48,13,35,13,22,0,0,35,0.72916667,2650,2314,48.20833333,26,22,"two-contract post-signal scalp: one contract exits at first target, one runner uses selected stop mode and runner target"
1,scaled_scalp_walk_forward_window=10:train_dates=8:holdout_dates=1,holdout,true,2026-06-15,signal_scaled_scalp:strategy=vwap_extension_fade_3pt:direction=all:first_target_points=3:stop_points=6:runner_target_points=8:runner_stop_mode=breakeven,vwap_extension_fade_3pt,all,3,6,8,breakeven,6,6,6,3,3,1,2,0,0,3,0.5,-950,-992,-165.33333333,1,5,"two-contract post-signal scalp: one contract exits at first target, one runner uses selected stop mode and runner target"
1,scaled_scalp_walk_forward_window=11:train_dates=8:holdout_dates=1,train,true,2026-06-04;2026-06-05;2026-06-08;2026-06-09;2026-06-10;2026-06-11;2026-06-12;2026-06-15,signal_scaled_scalp:strategy=vwap_extension_fade_3pt:direction=all:first_target_points=3:stop_points=6:runner_target_points=8:runner_stop_mode=breakeven,vwap_extension_fade_3pt,all,3,6,8,breakeven,48,48,48,15,33,14,19,0,0,33,0.6875,1550,1214,25.29166667,23,25,"two-contract post-signal scalp: one contract exits at first target, one runner uses selected stop mode and runner target"
1,scaled_scalp_walk_forward_window=11:train_dates=8:holdout_dates=1,holdout,true,2026-06-16,signal_scaled_scalp:strategy=vwap_extension_fade_3pt:direction=all:first_target_points=3:stop_points=6:runner_target_points=8:runner_stop_mode=breakeven,vwap_extension_fade_3pt,all,3,6,8,breakeven,6,6,6,1,5,2,3,0,0,5,0.83333333,950,908,151.33333333,5,1,"two-contract post-signal scalp: one contract exits at first target, one runner uses selected stop mode and runner target"
1,scaled_scalp_walk_forward_window=12:train_dates=8:holdout_dates=1,train,true,2026-06-05;2026-06-08;2026-06-09;2026-06-10;2026-06-11;2026-06-12;2026-06-15;2026-06-16,signal_scaled_scalp:strategy=vwap_extension_fade_3pt:direction=all:first_target_points=3:stop_points=6:runner_target_points=8:runner_stop_mode=breakeven,vwap_extension_fade_3pt,all,3,6,8,breakeven,48,48,48,14,34,14,20,0,0,34,0.70833333,2300,1964,40.91666667,27,21,"two-contract post-signal scalp: one contract exits at first target, one runner uses selected stop mode and runner target"
1,scaled_scalp_walk_forward_window=12:train_dates=8:holdout_dates=1,holdout,true,2026-06-17,signal_scaled_scalp:strategy=vwap_extension_fade_3pt:direction=all:first_target_points=3:stop_points=6:runner_target_points=8:runner_stop_mode=breakeven,vwap_extension_fade_3pt,all,3,6,8,breakeven,6,6,6,2,4,2,2,0,0,4,0.66666667,200,158,26.33333333,3,3,"two-contract post-signal scalp: one contract exits at first target, one runner uses selected stop mode and runner target"
1,scaled_scalp_walk_forward_window=13:train_dates=8:holdout_dates=1,train,true,2026-06-08;2026-06-09;2026-06-10;2026-06-11;2026-06-12;2026-06-15;2026-06-16;2026-06-17,signal_scaled_scalp:strategy=vwap_extension_fade_3pt:direction=all:first_target_points=4:stop_points=6:runner_target_points=20:runner_stop_mode=initial,vwap_extension_fade_3pt,all,4,6,20,initial,48,48,48,17,31,12,19,0,0,12,0.25,2300,1964,40.91666667,25,23,"two-contract post-signal scalp: one contract exits at first target, one runner uses selected stop mode and runner target"
1,scaled_scalp_walk_forward_window=13:train_dates=8:holdout_dates=1,holdout,true,2026-06-18,signal_scaled_scalp:strategy=vwap_extension_fade_3pt:direction=all:first_target_points=4:stop_points=6:runner_target_points=20:runner_stop_mode=initial,vwap_extension_fade_3pt,all,4,6,20,initial,6,6,6,3,3,3,0,0,0,3,0.5,1800,1758,293,4,2,"two-contract post-signal scalp: one contract exits at first target, one runner uses selected stop mode and runner target"
1,scaled_scalp_walk_forward_window=14:train_dates=8:holdout_dates=1,train,true,2026-06-09;2026-06-10;2026-06-11;2026-06-12;2026-06-15;2026-06-16;2026-06-17;2026-06-18,signal_scaled_scalp:strategy=vwap_extension_fade_3pt:direction=all:first_target_points=4:stop_points=8:runner_target_points=6:runner_stop_mode=breakeven,vwap_extension_fade_3pt,all,4,8,6,breakeven,48,48,48,14,34,21,13,0,0,34,0.70833333,1900,1564,32.58333333,27,21,"two-contract post-signal scalp: one contract exits at first target, one runner uses selected stop mode and runner target"
1,scaled_scalp_walk_forward_window=14:train_dates=8:holdout_dates=1,holdout,true,2026-06-19,signal_scaled_scalp:strategy=vwap_extension_fade_3pt:direction=all:first_target_points=4:stop_points=8:runner_target_points=6:runner_stop_mode=breakeven,vwap_extension_fade_3pt,all,4,8,6,breakeven,6,6,6,0,6,4,2,0,0,6,1,2400,2358,393,0,6,"two-contract post-signal scalp: one contract exits at first target, one runner uses selected stop mode and runner target"
1,scaled_scalp_walk_forward_window=1:train_dates=8:holdout_dates=1,train,true,2026-05-21;2026-05-22;2026-05-25;2026-05-26;2026-05-27;2026-05-28;2026-05-29;2026-06-01,signal_scaled_scalp:strategy=vwap_extension_fade_4pt:direction=all:first_target_points=4:stop_points=8:runner_target_points=20:runner_stop_mode=breakeven,vwap_extension_fade_4pt,all,4,8,20,breakeven,46,46,46,10,36,11,22,3,0,36,0.7826087,11487.5,11165.5,242.72826087,25,21,"two-contract post-signal scalp: one contract exits at first target, one runner uses selected stop mode and runner target"
1,scaled_scalp_walk_forward_window=1:train_dates=8:holdout_dates=1,holdout,true,2026-06-02,signal_scaled_scalp:strategy=vwap_extension_fade_4pt:direction=all:first_target_points=4:stop_points=8:runner_target_points=20:runner_stop_mode=breakeven,vwap_extension_fade_4pt,all,4,8,20,breakeven,6,6,6,3,3,0,3,0,0,3,0.5,-1800,-1842,-307,0,6,"two-contract post-signal scalp: one contract exits at first target, one runner uses selected stop mode and runner target"
1,scaled_scalp_walk_forward_window=2:train_dates=8:holdout_dates=1,train,true,2026-05-22;2026-05-25;2026-05-26;2026-05-27;2026-05-28;2026-05-29;2026-06-01;2026-06-02,signal_scaled_scalp:strategy=vwap_extension_fade_4pt:direction=all:first_target_points=3:stop_points=8:runner_target_points=20:runner_stop_mode=breakeven,vwap_extension_fade_4pt,all,3,8,20,breakeven,46,46,46,10,36,10,23,3,0,36,0.7826087,8687.5,8365.5,181.85869565,20,26,"two-contract post-signal scalp: one contract exits at first target, one runner uses selected stop mode and runner target"
1,scaled_scalp_walk_forward_window=2:train_dates=8:holdout_dates=1,holdout,true,2026-06-03,signal_scaled_scalp:strategy=vwap_extension_fade_4pt:direction=all:first_target_points=3:stop_points=8:runner_target_points=20:runner_stop_mode=breakeven,vwap_extension_fade_4pt,all,3,8,20,breakeven,6,6,6,1,5,0,5,0,0,5,0.83333333,-50,-92,-15.33333333,4,2,"two-contract post-signal scalp: one contract exits at first target, one runner uses selected stop mode and runner target"
1,scaled_scalp_walk_forward_window=3:train_dates=8:holdout_dates=1,train,true,2026-05-25;2026-05-26;2026-05-27;2026-05-28;2026-05-29;2026-06-01;2026-06-02;2026-06-03,signal_scaled_scalp:strategy=vwap_extension_fade_4pt:direction=all:first_target_points=3:stop_points=8:runner_target_points=10:runner_stop_mode=breakeven,vwap_extension_fade_4pt,all,3,8,10,breakeven,46,46,46,8,38,17,20,1,0,38,0.82608696,8125,7803,169.63043478,20,26,"two-contract post-signal scalp: one contract exits at first target, one runner uses selected stop mode and runner target"
1,scaled_scalp_walk_forward_window=3:train_dates=8:holdout_dates=1,holdout,true,2026-06-04,signal_scaled_scalp:strategy=vwap_extension_fade_4pt:direction=all:first_target_points=3:stop_points=8:runner_target_points=10:runner_stop_mode=breakeven,vwap_extension_fade_4pt,all,3,8,10,breakeven,6,6,6,2,4,2,2,0,0,4,0.66666667,0,-42,-7,1,5,"two-contract post-signal scalp: one contract exits at first target, one runner uses selected stop mode and runner target"
1,scaled_scalp_walk_forward_window=4:train_dates=8:holdout_dates=1,train,true,2026-05-26;2026-05-27;2026-05-28;2026-05-29;2026-06-01;2026-06-02;2026-06-03;2026-06-04,signal_scaled_scalp:strategy=vwap_extension_fade_4pt:direction=all:first_target_points=2:stop_points=8:runner_target_points=10:runner_stop_mode=breakeven,vwap_extension_fade_4pt,all,2,8,10,breakeven,48,48,48,6,42,14,28,0,0,42,0.875,6400,6064,126.33333333,17,31,"two-contract post-signal scalp: one contract exits at first target, one runner uses selected stop mode and runner target"
1,scaled_scalp_walk_forward_window=4:train_dates=8:holdout_dates=1,holdout,true,2026-06-05,signal_scaled_scalp:strategy=vwap_extension_fade_4pt:direction=all:first_target_points=2:stop_points=8:runner_target_points=10:runner_stop_mode=breakeven,vwap_extension_fade_4pt,all,2,8,10,breakeven,6,6,6,0,6,1,5,0,0,6,1,1100,1058,176.33333333,5,1,"two-contract post-signal scalp: one contract exits at first target, one runner uses selected stop mode and runner target"
1,scaled_scalp_walk_forward_window=5:train_dates=8:holdout_dates=1,train,true,2026-05-27;2026-05-28;2026-05-29;2026-06-01;2026-06-02;2026-06-03;2026-06-04;2026-06-05,signal_scaled_scalp:strategy=vwap_extension_fade_4pt:direction=all:first_target_points=2:stop_points=8:runner_target_points=8:runner_stop_mode=breakeven,vwap_extension_fade_4pt,all,2,8,8,breakeven,48,48,48,5,43,16,27,0,0,43,0.89583333,6700,6364,132.58333333,21,27,"two-contract post-signal scalp: one contract exits at first target, one runner uses selected stop mode and runner target"
1,scaled_scalp_walk_forward_window=5:train_dates=8:holdout_dates=1,holdout,true,2026-06-08,signal_scaled_scalp:strategy=vwap_extension_fade_4pt:direction=all:first_target_points=2:stop_points=8:runner_target_points=8:runner_stop_mode=breakeven,vwap_extension_fade_4pt,all,2,8,8,breakeven,6,6,6,0,6,3,3,0,0,6,1,1800,1758,293,2,4,"two-contract post-signal scalp: one contract exits at first target, one runner uses selected stop mode and runner target"
1,scaled_scalp_walk_forward_window=6:train_dates=8:holdout_dates=1,train,true,2026-05-28;2026-05-29;2026-06-01;2026-06-02;2026-06-03;2026-06-04;2026-06-05;2026-06-08,signal_scaled_scalp:strategy=vwap_extension_fade_4pt:direction=all:first_target_points=4:stop_points=4:runner_target_points=20:runner_stop_mode=initial,vwap_extension_fade_4pt,all,4,4,20,initial,48,48,48,19,29,12,16,1,0,13,0.27083333,7075,6739,140.39583333,19,29,"two-contract post-signal scalp: one contract exits at first target, one runner uses selected stop mode and runner target"
1,scaled_scalp_walk_forward_window=6:train_dates=8:holdout_dates=1,holdout,true,2026-06-09,signal_scaled_scalp:strategy=vwap_extension_fade_4pt:direction=all:first_target_points=4:stop_points=4:runner_target_points=20:runner_stop_mode=initial,vwap_extension_fade_4pt,all,4,4,20,initial,6,6,6,5,1,0,1,0,0,0,0,-2000,-2042,-340.33333333,5,1,"two-contract post-signal scalp: one contract exits at first target, one runner uses selected stop mode and runner target"
1,scaled_scalp_walk_forward_window=7:train_dates=8:holdout_dates=1,train,true,2026-05-29;2026-06-01;2026-06-02;2026-06-03;2026-06-04;2026-06-05;2026-06-08;2026-06-09,signal_scaled_scalp:strategy=vwap_extension_fade_4pt:direction=all:first_target_points=4:stop_points=4:runner_target_points=20:runner_stop_mode=initial,vwap_extension_fade_4pt,all,4,4,20,initial,48,48,48,22,26,11,14,1,0,12,0.25,4675,4339,90.39583333,23,25,"two-contract post-signal scalp: one contract exits at first target, one runner uses selected stop mode and runner target"
1,scaled_scalp_walk_forward_window=7:train_dates=8:holdout_dates=1,holdout,true,2026-06-10,signal_scaled_scalp:strategy=vwap_extension_fade_4pt:direction=all:first_target_points=4:stop_points=4:runner_target_points=20:runner_stop_mode=initial,vwap_extension_fade_4pt,all,4,4,20,initial,6,6,6,0,6,1,5,0,0,1,0.16666667,1200,1158,193,2,4,"two-contract post-signal scalp: one contract exits at first target, one runner uses selected stop mode and runner target"
1,scaled_scalp_walk_forward_window=8:train_dates=8:holdout_dates=1,train,true,2026-06-01;2026-06-02;2026-06-03;2026-06-04;2026-06-05;2026-06-08;2026-06-09;2026-06-10,signal_scaled_scalp:strategy=vwap_extension_fade_4pt:direction=all:first_target_points=4:stop_points=4:runner_target_points=8:runner_stop_mode=breakeven,vwap_extension_fade_4pt,all,4,4,8,breakeven,48,48,48,19,29,17,12,0,0,29,0.60416667,5000,4664,97.16666667,22,26,"two-contract post-signal scalp: one contract exits at first target, one runner uses selected stop mode and runner target"
1,scaled_scalp_walk_forward_window=8:train_dates=8:holdout_dates=1,holdout,true,2026-06-11,signal_scaled_scalp:strategy=vwap_extension_fade_4pt:direction=all:first_target_points=4:stop_points=4:runner_target_points=8:runner_stop_mode=breakeven,vwap_extension_fade_4pt,all,4,4,8,breakeven,6,6,6,2,4,2,2,0,0,4,0.66666667,800,758,126.33333333,4,2,"two-contract post-signal scalp: one contract exits at first target, one runner uses selected stop mode and runner target"
1,scaled_scalp_walk_forward_window=9:train_dates=8:holdout_dates=1,train,true,2026-06-02;2026-06-03;2026-06-04;2026-06-05;2026-06-08;2026-06-09;2026-06-10;2026-06-11,signal_scaled_scalp:strategy=vwap_extension_fade_4pt:direction=all:first_target_points=3:stop_points=4:runner_target_points=6:runner_stop_mode=breakeven,vwap_extension_fade_4pt,all,3,4,6,breakeven,48,48,48,15,33,20,13,0,0,33,0.6875,4950,4614,96.125,23,25,"two-contract post-signal scalp: one contract exits at first target, one runner uses selected stop mode and runner target"
1,scaled_scalp_walk_forward_window=9:train_dates=8:holdout_dates=1,holdout,true,2026-06-12,signal_scaled_scalp:strategy=vwap_extension_fade_4pt:direction=all:first_target_points=3:stop_points=4:runner_target_points=6:runner_stop_mode=breakeven,vwap_extension_fade_4pt,all,3,4,6,breakeven,6,6,6,3,3,1,2,0,0,3,0.5,-450,-492,-82,3,3,"two-contract post-signal scalp: one contract exits at first target, one runner uses selected stop mode and runner target"
1,scaled_scalp_walk_forward_window=10:train_dates=8:holdout_dates=1,train,true,2026-06-03;2026-06-04;2026-06-05;2026-06-08;2026-06-09;2026-06-10;2026-06-11;2026-06-12,signal_scaled_scalp:strategy=vwap_extension_fade_4pt:direction=all:first_target_points=4:stop_points=4:runner_target_points=6:runner_stop_mode=breakeven,vwap_extension_fade_4pt,all,4,4,6,breakeven,48,48,48,18,30,20,10,0,0,30,0.625,4800,4464,93,26,22,"two-contract post-signal scalp: one contract exits at first target, one runner uses selected stop mode and runner target"
1,scaled_scalp_walk_forward_window=10:train_dates=8:holdout_dates=1,holdout,true,2026-06-15,signal_scaled_scalp:strategy=vwap_extension_fade_4pt:direction=all:first_target_points=4:stop_points=4:runner_target_points=6:runner_stop_mode=breakeven,vwap_extension_fade_4pt,all,4,4,6,breakeven,6,6,6,4,2,2,0,0,0,2,0.33333333,-600,-642,-107,1,5,"two-contract post-signal scalp: one contract exits at first target, one runner uses selected stop mode and runner target"
1,scaled_scalp_walk_forward_window=11:train_dates=8:holdout_dates=1,train,true,2026-06-04;2026-06-05;2026-06-08;2026-06-09;2026-06-10;2026-06-11;2026-06-12;2026-06-15,signal_scaled_scalp:strategy=vwap_extension_fade_4pt:direction=all:first_target_points=3:stop_points=8:runner_target_points=6:runner_stop_mode=breakeven,vwap_extension_fade_4pt,all,3,8,6,breakeven,48,48,48,10,38,24,14,0,0,38,0.79166667,4900,4564,95.08333333,23,25,"two-contract post-signal scalp: one contract exits at first target, one runner uses selected stop mode and runner target"
1,scaled_scalp_walk_forward_window=11:train_dates=8:holdout_dates=1,holdout,true,2026-06-16,signal_scaled_scalp:strategy=vwap_extension_fade_4pt:direction=all:first_target_points=3:stop_points=8:runner_target_points=6:runner_stop_mode=breakeven,vwap_extension_fade_4pt,all,3,8,6,breakeven,6,6,6,2,4,1,3,0,0,4,0.66666667,-700,-742,-123.66666667,6,0,"two-contract post-signal scalp: one contract exits at first target, one runner uses selected stop mode and runner target"
1,scaled_scalp_walk_forward_window=12:train_dates=8:holdout_dates=1,train,true,2026-06-05;2026-06-08;2026-06-09;2026-06-10;2026-06-11;2026-06-12;2026-06-15;2026-06-16,signal_scaled_scalp:strategy=vwap_extension_fade_4pt:direction=all:first_target_points=3:stop_points=8:runner_target_points=6:runner_stop_mode=breakeven,vwap_extension_fade_4pt,all,3,8,6,breakeven,48,48,48,10,38,22,16,0,0,38,0.79166667,4300,3964,82.58333333,28,20,"two-contract post-signal scalp: one contract exits at first target, one runner uses selected stop mode and runner target"
1,scaled_scalp_walk_forward_window=12:train_dates=8:holdout_dates=1,holdout,true,2026-06-17,signal_scaled_scalp:strategy=vwap_extension_fade_4pt:direction=all:first_target_points=3:stop_points=8:runner_target_points=6:runner_stop_mode=breakeven,vwap_extension_fade_4pt,all,3,8,6,breakeven,6,6,6,1,5,2,3,0,0,5,0.83333333,550,508,84.66666667,3,3,"two-contract post-signal scalp: one contract exits at first target, one runner uses selected stop mode and runner target"
1,scaled_scalp_walk_forward_window=13:train_dates=8:holdout_dates=1,train,true,2026-06-08;2026-06-09;2026-06-10;2026-06-11;2026-06-12;2026-06-15;2026-06-16;2026-06-17,signal_scaled_scalp:strategy=vwap_extension_fade_4pt:direction=all:first_target_points=4:stop_points=3:runner_target_points=20:runner_stop_mode=initial,vwap_extension_fade_4pt,all,4,3,20,initial,48,48,48,24,24,8,16,0,0,24,0.5,3200,2864,59.66666667,26,22,"two-contract post-signal scalp: one contract exits at first target, one runner uses selected stop mode and runner target"
1,scaled_scalp_walk_forward_window=13:train_dates=8:holdout_dates=1,holdout,true,2026-06-18,signal_scaled_scalp:strategy=vwap_extension_fade_4pt:direction=all:first_target_points=4:stop_points=3:runner_target_points=20:runner_stop_mode=initial,vwap_extension_fade_4pt,all,4,3,20,initial,6,6,6,5,1,0,1,0,0,1,0.16666667,-1450,-1492,-248.66666667,4,2,"two-contract post-signal scalp: one contract exits at first target, one runner uses selected stop mode and runner target"
1,scaled_scalp_walk_forward_window=14:train_dates=8:holdout_dates=1,train,true,2026-06-09;2026-06-10;2026-06-11;2026-06-12;2026-06-15;2026-06-16;2026-06-17;2026-06-18,signal_scaled_scalp:strategy=vwap_extension_fade_4pt:direction=all:first_target_points=2:stop_points=3:runner_target_points=20:runner_stop_mode=breakeven,vwap_extension_fade_4pt,all,2,3,20,breakeven,48,48,48,16,32,4,28,0,0,32,0.66666667,2400,2064,43,28,20,"two-contract post-signal scalp: one contract exits at first target, one runner uses selected stop mode and runner target"
1,scaled_scalp_walk_forward_window=14:train_dates=8:holdout_dates=1,holdout,true,2026-06-19,signal_scaled_scalp:strategy=vwap_extension_fade_4pt:direction=all:first_target_points=2:stop_points=3:runner_target_points=20:runner_stop_mode=breakeven,vwap_extension_fade_4pt,all,2,3,20,breakeven,6,6,6,2,4,0,4,0,0,4,0.66666667,-200,-242,-40.33333333,1,5,"two-contract post-signal scalp: one contract exits at first target, one runner uses selected stop mode and runner target"
1,scaled_scalp_walk_forward_window=1:train_dates=8:holdout_dates=1,train,true,2026-05-21;2026-05-22;2026-05-25;2026-05-26;2026-05-27;2026-05-28;2026-05-29;2026-06-01,signal_scaled_scalp:strategy=impulse_fade_10bar_3pt:direction=all:first_target_points=4:stop_points=3:runner_target_points=15:runner_stop_mode=initial,impulse_fade_10bar_3pt,all,4,3,15,initial,47,47,47,22,25,11,11,3,0,25,0.53191489,5837.5,5508.5,117.20212766,24,23,"two-contract post-signal scalp: one contract exits at first target, one runner uses selected stop mode and runner target"
1,scaled_scalp_walk_forward_window=1:train_dates=8:holdout_dates=1,holdout,true,2026-06-02,signal_scaled_scalp:strategy=impulse_fade_10bar_3pt:direction=all:first_target_points=4:stop_points=3:runner_target_points=15:runner_stop_mode=initial,impulse_fade_10bar_3pt,all,4,3,15,initial,6,6,6,6,0,0,0,0,0,0,0,-1800,-1842,-307,2,4,"two-contract post-signal scalp: one contract exits at first target, one runner uses selected stop mode and runner target"
1,scaled_scalp_walk_forward_window=2:train_dates=8:holdout_dates=1,train,true,2026-05-22;2026-05-25;2026-05-26;2026-05-27;2026-05-28;2026-05-29;2026-06-01;2026-06-02,signal_scaled_scalp:strategy=impulse_fade_10bar_3pt:direction=all:first_target_points=4:stop_points=5:runner_target_points=20:runner_stop_mode=breakeven,impulse_fade_10bar_3pt,all,4,5,20,breakeven,47,47,47,19,27,7,16,5,0,28,0.59574468,4462.5,4133.5,87.94680851,25,22,"two-contract post-signal scalp: one contract exits at first target, one runner uses selected stop mode and runner target"
1,scaled_scalp_walk_forward_window=2:train_dates=8:holdout_dates=1,holdout,true,2026-06-03,signal_scaled_scalp:strategy=impulse_fade_10bar_3pt:direction=all:first_target_points=4:stop_points=5:runner_target_points=20:runner_stop_mode=breakeven,impulse_fade_10bar_3pt,all,4,5,20,breakeven,6,6,6,2,4,1,3,0,0,4,0.66666667,800,758,126.33333333,4,2,"two-contract post-signal scalp: one contract exits at first target, one runner uses selected stop mode and runner target"
1,scaled_scalp_walk_forward_window=3:train_dates=8:holdout_dates=1,train,true,2026-05-25;2026-05-26;2026-05-27;2026-05-28;2026-05-29;2026-06-01;2026-06-02;2026-06-03,signal_scaled_scalp:strategy=impulse_fade_10bar_3pt:direction=all:first_target_points=4:stop_points=5:runner_target_points=15:runner_stop_mode=breakeven,impulse_fade_10bar_3pt,all,4,5,15,breakeven,47,47,47,18,28,10,15,4,0,29,0.61702128,5187.5,4858.5,103.37234043,26,21,"two-contract post-signal scalp: one contract exits at first target, one runner uses selected stop mode and runner target"
1,scaled_scalp_walk_forward_window=3:train_dates=8:holdout_dates=1,holdout,true,2026-06-04,signal_scaled_scalp:strategy=impulse_fade_10bar_3pt:direction=all:first_target_points=4:stop_points=5:runner_target_points=15:runner_stop_mode=breakeven,impulse_fade_10bar_3pt,all,4,5,15,breakeven,6,6,6,4,2,0,2,0,0,2,0.33333333,-1600,-1642,-273.66666667,2,4,"two-contract post-signal scalp: one contract exits at first target, one runner uses selected stop mode and runner target"
1,scaled_scalp_walk_forward_window=4:train_dates=8:holdout_dates=1,train,true,2026-05-26;2026-05-27;2026-05-28;2026-05-29;2026-06-01;2026-06-02;2026-06-03;2026-06-04,signal_scaled_scalp:strategy=impulse_fade_10bar_3pt:direction=all:first_target_points=2:stop_points=3:runner_target_points=20:runner_stop_mode=breakeven,impulse_fade_10bar_3pt,all,2,3,20,breakeven,48,48,48,21,27,6,21,0,0,27,0.5625,2400,2064,43,23,25,"two-contract post-signal scalp: one contract exits at first target, one runner uses selected stop mode and runner target"
1,scaled_scalp_walk_forward_window=4:train_dates=8:holdout_dates=1,holdout,true,2026-06-05,signal_scaled_scalp:strategy=impulse_fade_10bar_3pt:direction=all:first_target_points=2:stop_points=3:runner_target_points=20:runner_stop_mode=breakeven,impulse_fade_10bar_3pt,all,2,3,20,breakeven,6,6,6,4,2,0,2,0,0,2,0.33333333,-1000,-1042,-173.66666667,3,3,"two-contract post-signal scalp: one contract exits at first target, one runner uses selected stop mode and runner target"
1,scaled_scalp_walk_forward_window=5:train_dates=8:holdout_dates=1,train,true,2026-05-27;2026-05-28;2026-05-29;2026-06-01;2026-06-02;2026-06-03;2026-06-04;2026-06-05,signal_scaled_scalp:strategy=impulse_fade_10bar_3pt:direction=all:first_target_points=2:stop_points=3:runner_target_points=20:runner_stop_mode=breakeven,impulse_fade_10bar_3pt,all,2,3,20,breakeven,48,48,48,22,26,4,22,0,0,26,0.54166667,0,-336,-7,22,26,"two-contract post-signal scalp: one contract exits at first target, one runner uses selected stop mode and runner target"
1,scaled_scalp_walk_forward_window=5:train_dates=8:holdout_dates=1,holdout,true,2026-06-08,signal_scaled_scalp:strategy=impulse_fade_10bar_3pt:direction=all:first_target_points=2:stop_points=3:runner_target_points=20:runner_stop_mode=breakeven,impulse_fade_10bar_3pt,all,2,3,20,breakeven,6,6,6,2,4,1,3,0,0,4,0.66666667,800,758,126.33333333,3,3,"two-contract post-signal scalp: one contract exits at first target, one runner uses selected stop mode and runner target"
1,scaled_scalp_walk_forward_window=6:train_dates=8:holdout_dates=1,train,true,2026-05-28;2026-05-29;2026-06-01;2026-06-02;2026-06-03;2026-06-04;2026-06-05;2026-06-08,signal_scaled_scalp:strategy=impulse_fade_10bar_3pt:direction=all:first_target_points=2:stop_points=3:runner_target_points=20:runner_stop_mode=breakeven,impulse_fade_10bar_3pt,all,2,3,20,breakeven,48,48,48,22,26,4,22,0,0,26,0.54166667,0,-336,-7,21,27,"two-contract post-signal scalp: one contract exits at first target, one runner uses selected stop mode and runner target"
1,scaled_scalp_walk_forward_window=6:train_dates=8:holdout_dates=1,holdout,true,2026-06-09,signal_scaled_scalp:strategy=impulse_fade_10bar_3pt:direction=all:first_target_points=2:stop_points=3:runner_target_points=20:runner_stop_mode=breakeven,impulse_fade_10bar_3pt,all,2,3,20,breakeven,6,6,6,3,3,1,2,0,0,3,0.5,400,358,59.66666667,3,3,"two-contract post-signal scalp: one contract exits at first target, one runner uses selected stop mode and runner target"
1,scaled_scalp_walk_forward_window=7:train_dates=8:holdout_dates=1,train,true,2026-05-29;2026-06-01;2026-06-02;2026-06-03;2026-06-04;2026-06-05;2026-06-08;2026-06-09,signal_scaled_scalp:strategy=impulse_fade_10bar_3pt:direction=all:first_target_points=2:stop_points=3:runner_target_points=20:runner_stop_mode=breakeven,impulse_fade_10bar_3pt,all,2,3,20,breakeven,48,48,48,24,24,5,19,0,0,24,0.5,200,-136,-2.83333333,22,26,"two-contract post-signal scalp: one contract exits at first target, one runner uses selected stop mode and runner target"
1,scaled_scalp_walk_forward_window=7:train_dates=8:holdout_dates=1,holdout,true,2026-06-10,signal_scaled_scalp:strategy=impulse_fade_10bar_3pt:direction=all:first_target_points=2:stop_points=3:runner_target_points=20:runner_stop_mode=breakeven,impulse_fade_10bar_3pt,all,2,3,20,breakeven,6,6,6,3,3,0,3,0,0,3,0.5,-600,-642,-107,4,2,"two-contract post-signal scalp: one contract exits at first target, one runner uses selected stop mode and runner target"
1,scaled_scalp_walk_forward_window=8:train_dates=8:holdout_dates=1,train,true,2026-06-01;2026-06-02;2026-06-03;2026-06-04;2026-06-05;2026-06-08;2026-06-09;2026-06-10,signal_scaled_scalp:strategy=impulse_fade_10bar_3pt:direction=all:first_target_points=4:stop_points=8:runner_target_points=12:runner_stop_mode=initial,impulse_fade_10bar_3pt,all,4,8,12,initial,48,48,48,18,30,21,8,1,0,22,0.45833333,837.5,501.5,10.44791667,22,26,"two-contract post-signal scalp: one contract exits at first target, one runner uses selected stop mode and runner target"
1,scaled_scalp_walk_forward_window=8:train_dates=8:holdout_dates=1,holdout,true,2026-06-11,signal_scaled_scalp:strategy=impulse_fade_10bar_3pt:direction=all:first_target_points=4:stop_points=8:runner_target_points=12:runner_stop_mode=initial,impulse_fade_10bar_3pt,all,4,8,12,initial,6,6,6,4,2,1,1,0,0,1,0.16666667,-2600,-2642,-440.33333333,2,4,"two-contract post-signal scalp: one contract exits at first target, one runner uses selected stop mode and runner target"
1,scaled_scalp_walk_forward_window=9:train_dates=8:holdout_dates=1,train,true,2026-06-02;2026-06-03;2026-06-04;2026-06-05;2026-06-08;2026-06-09;2026-06-10;2026-06-11,signal_scaled_scalp:strategy=impulse_fade_10bar_3pt:direction=all:first_target_points=3:stop_points=6:runner_target_points=10:runner_stop_mode=initial,impulse_fade_10bar_3pt,all,3,6,10,initial,48,48,48,20,28,20,8,0,0,20,0.41666667,-200,-536,-11.16666667,23,25,"two-contract post-signal scalp: one contract exits at first target, one runner uses selected stop mode and runner target"
1,scaled_scalp_walk_forward_window=9:train_dates=8:holdout_dates=1,holdout,true,2026-06-12,signal_scaled_scalp:strategy=impulse_fade_10bar_3pt:direction=all:first_target_points=3:stop_points=6:runner_target_points=10:runner_stop_mode=initial,impulse_fade_10bar_3pt,all,3,6,10,initial,6,6,6,2,4,3,1,0,0,3,0.5,600,558,93,1,5,"two-contract post-signal scalp: one contract exits at first target, one runner uses selected stop mode and runner target"
1,scaled_scalp_walk_forward_window=10:train_dates=8:holdout_dates=1,train,true,2026-06-03;2026-06-04;2026-06-05;2026-06-08;2026-06-09;2026-06-10;2026-06-11;2026-06-12,signal_scaled_scalp:strategy=impulse_fade_10bar_3pt:direction=all:first_target_points=3:stop_points=6:runner_target_points=10:runner_stop_mode=initial,impulse_fade_10bar_3pt,all,3,6,10,initial,48,48,48,18,30,21,9,0,0,21,0.4375,1500,1164,24.25,22,26,"two-contract post-signal scalp: one contract exits at first target, one runner uses selected stop mode and runner target"
1,scaled_scalp_walk_forward_window=10:train_dates=8:holdout_dates=1,holdout,true,2026-06-15,signal_scaled_scalp:strategy=impulse_fade_10bar_3pt:direction=all:first_target_points=3:stop_points=6:runner_target_points=10:runner_stop_mode=initial,impulse_fade_10bar_3pt,all,3,6,10,initial,6,6,6,1,5,5,0,0,0,5,0.83333333,2650,2608,434.66666667,3,3,"two-contract post-signal scalp: one contract exits at first target, one runner uses selected stop mode and runner target"
1,scaled_scalp_walk_forward_window=11:train_dates=8:holdout_dates=1,train,true,2026-06-04;2026-06-05;2026-06-08;2026-06-09;2026-06-10;2026-06-11;2026-06-12;2026-06-15,signal_scaled_scalp:strategy=impulse_fade_10bar_3pt:direction=all:first_target_points=3:stop_points=6:runner_target_points=10:runner_stop_mode=initial,impulse_fade_10bar_3pt,all,3,6,10,initial,48,48,48,18,30,24,6,0,0,24,0.5,3900,3564,74.25,21,27,"two-contract post-signal scalp: one contract exits at first target, one runner uses selected stop mode and runner target"
1,scaled_scalp_walk_forward_window=11:train_dates=8:holdout_dates=1,holdout,true,2026-06-16,signal_scaled_scalp:strategy=impulse_fade_10bar_3pt:direction=all:first_target_points=3:stop_points=6:runner_target_points=10:runner_stop_mode=initial,impulse_fade_10bar_3pt,all,3,6,10,initial,6,6,6,1,5,4,1,0,0,4,0.66666667,1850,1808,301.33333333,1,5,"two-contract post-signal scalp: one contract exits at first target, one runner uses selected stop mode and runner target"
1,scaled_scalp_walk_forward_window=12:train_dates=8:holdout_dates=1,train,true,2026-06-05;2026-06-08;2026-06-09;2026-06-10;2026-06-11;2026-06-12;2026-06-15;2026-06-16,signal_scaled_scalp:strategy=impulse_fade_10bar_3pt:direction=all:first_target_points=3:stop_points=6:runner_target_points=10:runner_stop_mode=initial,impulse_fade_10bar_3pt,all,3,6,10,initial,48,48,48,15,33,27,6,0,0,27,0.5625,7650,7314,152.375,20,28,"two-contract post-signal scalp: one contract exits at first target, one runner uses selected stop mode and runner target"
1,scaled_scalp_walk_forward_window=12:train_dates=8:holdout_dates=1,holdout,true,2026-06-17,signal_scaled_scalp:strategy=impulse_fade_10bar_3pt:direction=all:first_target_points=3:stop_points=6:runner_target_points=10:runner_stop_mode=initial,impulse_fade_10bar_3pt,all,3,6,10,initial,6,6,6,5,1,1,0,0,0,1,0.16666667,-2350,-2392,-398.66666667,4,2,"two-contract post-signal scalp: one contract exits at first target, one runner uses selected stop mode and runner target"
1,scaled_scalp_walk_forward_window=13:train_dates=8:holdout_dates=1,train,true,2026-06-08;2026-06-09;2026-06-10;2026-06-11;2026-06-12;2026-06-15;2026-06-16;2026-06-17,signal_scaled_scalp:strategy=impulse_fade_10bar_3pt:direction=all:first_target_points=2:stop_points=6:runner_target_points=10:runner_stop_mode=initial,impulse_fade_10bar_3pt,all,2,6,10,initial,48,48,48,11,37,27,10,0,0,27,0.5625,7600,7264,151.33333333,21,27,"two-contract post-signal scalp: one contract exits at first target, one runner uses selected stop mode and runner target"
1,scaled_scalp_walk_forward_window=13:train_dates=8:holdout_dates=1,holdout,true,2026-06-18,signal_scaled_scalp:strategy=impulse_fade_10bar_3pt:direction=all:first_target_points=2:stop_points=6:runner_target_points=10:runner_stop_mode=initial,impulse_fade_10bar_3pt,all,2,6,10,initial,6,6,6,1,5,5,0,0,0,5,0.83333333,2400,2358,393,3,3,"two-contract post-signal scalp: one contract exits at first target, one runner uses selected stop mode and runner target"
1,scaled_scalp_walk_forward_window=14:train_dates=8:holdout_dates=1,train,true,2026-06-09;2026-06-10;2026-06-11;2026-06-12;2026-06-15;2026-06-16;2026-06-17;2026-06-18,signal_scaled_scalp:strategy=impulse_fade_10bar_3pt:direction=all:first_target_points=2:stop_points=6:runner_target_points=10:runner_stop_mode=initial,impulse_fade_10bar_3pt,all,2,6,10,initial,48,48,48,12,36,27,9,0,0,27,0.5625,7200,6864,143,21,27,"two-contract post-signal scalp: one contract exits at first target, one runner uses selected stop mode and runner target"
1,scaled_scalp_walk_forward_window=14:train_dates=8:holdout_dates=1,holdout,true,2026-06-19,signal_scaled_scalp:strategy=impulse_fade_10bar_3pt:direction=all:first_target_points=2:stop_points=6:runner_target_points=10:runner_stop_mode=initial,impulse_fade_10bar_3pt,all,2,6,10,initial,6,6,6,1,5,1,4,0,0,1,0.16666667,-800,-842,-140.33333333,2,4,"two-contract post-signal scalp: one contract exits at first target, one runner uses selected stop mode and runner target"
1,scaled_scalp_walk_forward_window=1:train_dates=8:holdout_dates=1,train,true,2026-05-21;2026-05-22;2026-05-25;2026-05-26;2026-05-27;2026-05-28;2026-05-29;2026-06-01,signal_scaled_scalp:strategy=impulse_continue_10bar_3pt:direction=all:first_target_points=4:stop_points=8:runner_target_points=15:runner_stop_mode=initial,impulse_continue_10bar_3pt,all,4,8,15,initial,47,47,47,15,29,19,9,4,0,20,0.42553191,2650,2321,49.38297872,23,24,"two-contract post-signal scalp: one contract exits at first target, one runner uses selected stop mode and runner target"
1,scaled_scalp_walk_forward_window=1:train_dates=8:holdout_dates=1,holdout,true,2026-06-02,signal_scaled_scalp:strategy=impulse_continue_10bar_3pt:direction=all:first_target_points=4:stop_points=8:runner_target_points=15:runner_stop_mode=initial,impulse_continue_10bar_3pt,all,4,8,15,initial,6,6,6,2,4,2,1,1,0,3,0.5,237.5,195.5,32.58333333,4,2,"two-contract post-signal scalp: one contract exits at first target, one runner uses selected stop mode and runner target"
1,scaled_scalp_walk_forward_window=2:train_dates=8:holdout_dates=1,train,true,2026-05-22;2026-05-25;2026-05-26;2026-05-27;2026-05-28;2026-05-29;2026-06-01;2026-06-02,signal_scaled_scalp:strategy=impulse_continue_10bar_3pt:direction=all:first_target_points=4:stop_points=8:runner_target_points=20:runner_stop_mode=initial,impulse_continue_10bar_3pt,all,4,8,20,initial,47,47,47,13,31,15,12,7,0,19,0.40425532,5600,5271,112.14893617,22,25,"two-contract post-signal scalp: one contract exits at first target, one runner uses selected stop mode and runner target"
1,scaled_scalp_walk_forward_window=2:train_dates=8:holdout_dates=1,holdout,true,2026-06-03,signal_scaled_scalp:strategy=impulse_continue_10bar_3pt:direction=all:first_target_points=4:stop_points=8:runner_target_points=20:runner_stop_mode=initial,impulse_continue_10bar_3pt,all,4,8,20,initial,6,6,6,1,5,3,2,0,0,3,0.5,2400,2358,393,2,4,"two-contract post-signal scalp: one contract exits at first target, one runner uses selected stop mode and runner target"
1,scaled_scalp_walk_forward_window=3:train_dates=8:holdout_dates=1,train,true,2026-05-25;2026-05-26;2026-05-27;2026-05-28;2026-05-29;2026-06-01;2026-06-02;2026-06-03,signal_scaled_scalp:strategy=impulse_continue_10bar_3pt:direction=all:first_target_points=4:stop_points=8:runner_target_points=20:runner_stop_mode=initial,impulse_continue_10bar_3pt,all,4,8,20,initial,47,47,47,14,30,15,11,7,0,19,0.40425532,5000,4671,99.38297872,21,26,"two-contract post-signal scalp: one contract exits at first target, one runner uses selected stop mode and runner target"
1,scaled_scalp_walk_forward_window=3:train_dates=8:holdout_dates=1,holdout,true,2026-06-04,signal_scaled_scalp:strategy=impulse_continue_10bar_3pt:direction=all:first_target_points=4:stop_points=8:runner_target_points=20:runner_stop_mode=initial,impulse_continue_10bar_3pt,all,4,8,20,initial,6,6,6,1,5,3,2,0,0,3,0.5,2400,2358,393,4,2,"two-contract post-signal scalp: one contract exits at first target, one runner uses selected stop mode and runner target"
1,scaled_scalp_walk_forward_window=4:train_dates=8:holdout_dates=1,train,true,2026-05-26;2026-05-27;2026-05-28;2026-05-29;2026-06-01;2026-06-02;2026-06-03;2026-06-04,signal_scaled_scalp:strategy=impulse_continue_10bar_3pt:direction=all:first_target_points=4:stop_points=6:runner_target_points=20:runner_stop_mode=initial,impulse_continue_10bar_3pt,all,4,6,20,initial,48,48,48,17,31,16,12,3,0,19,0.39583333,9800,9464,197.16666667,25,23,"two-contract post-signal scalp: one contract exits at first target, one runner uses selected stop mode and runner target"
1,scaled_scalp_walk_forward_window=4:train_dates=8:holdout_dates=1,holdout,true,2026-06-05,signal_scaled_scalp:strategy=impulse_continue_10bar_3pt:direction=all:first_target_points=4:stop_points=6:runner_target_points=20:runner_stop_mode=initial,impulse_continue_10bar_3pt,all,4,6,20,initial,6,6,6,1,5,2,3,0,0,2,0.33333333,1500,1458,243,3,3,"two-contract post-signal scalp: one contract exits at first target, one runner uses selected stop mode and runner target"
1,scaled_scalp_walk_forward_window=5:train_dates=8:holdout_dates=1,train,true,2026-05-27;2026-05-28;2026-05-29;2026-06-01;2026-06-02;2026-06-03;2026-06-04;2026-06-05,signal_scaled_scalp:strategy=impulse_continue_10bar_3pt:direction=all:first_target_points=4:stop_points=8:runner_target_points=20:runner_stop_mode=initial,impulse_continue_10bar_3pt,all,4,8,20,initial,48,48,48,13,35,19,13,3,0,22,0.45833333,11800,11464,238.83333333,26,22,"two-contract post-signal scalp: one contract exits at first target, one runner uses selected stop mode and runner target"
1,scaled_scalp_walk_forward_window=5:train_dates=8:holdout_dates=1,holdout,true,2026-06-08,signal_scaled_scalp:strategy=impulse_continue_10bar_3pt:direction=all:first_target_points=4:stop_points=8:runner_target_points=20:runner_stop_mode=initial,impulse_continue_10bar_3pt,all,4,8,20,initial,6,6,6,3,3,1,2,0,0,1,0.16666667,-1600,-1642,-273.66666667,3,3,"two-contract post-signal scalp: one contract exits at first target, one runner uses selected stop mode and runner target"
1,scaled_scalp_walk_forward_window=6:train_dates=8:holdout_dates=1,train,true,2026-05-28;2026-05-29;2026-06-01;2026-06-02;2026-06-03;2026-06-04;2026-06-05;2026-06-08,signal_scaled_scalp:strategy=impulse_continue_10bar_3pt:direction=all:first_target_points=4:stop_points=8:runner_target_points=20:runner_stop_mode=initial,impulse_continue_10bar_3pt,all,4,8,20,initial,48,48,48,13,35,19,13,3,0,22,0.45833333,11800,11464,238.83333333,27,21,"two-contract post-signal scalp: one contract exits at first target, one runner uses selected stop mode and runner target"
1,scaled_scalp_walk_forward_window=6:train_dates=8:holdout_dates=1,holdout,true,2026-06-09,signal_scaled_scalp:strategy=impulse_continue_10bar_3pt:direction=all:first_target_points=4:stop_points=8:runner_target_points=20:runner_stop_mode=initial,impulse_continue_10bar_3pt,all,4,8,20,initial,6,6,6,3,3,1,2,0,0,1,0.16666667,-1600,-1642,-273.66666667,3,3,"two-contract post-signal scalp: one contract exits at first target, one runner uses selected stop mode and runner target"
1,scaled_scalp_walk_forward_window=7:train_dates=8:holdout_dates=1,train,true,2026-05-29;2026-06-01;2026-06-02;2026-06-03;2026-06-04;2026-06-05;2026-06-08;2026-06-09,signal_scaled_scalp:strategy=impulse_continue_10bar_3pt:direction=all:first_target_points=3:stop_points=8:runner_target_points=20:runner_stop_mode=initial,impulse_continue_10bar_3pt,all,3,8,20,initial,48,48,48,12,36,17,17,2,0,19,0.39583333,6650,6314,131.54166667,26,22,"two-contract post-signal scalp: one contract exits at first target, one runner uses selected stop mode and runner target"
1,scaled_scalp_walk_forward_window=7:train_dates=8:holdout_dates=1,holdout,true,2026-06-10,signal_scaled_scalp:strategy=impulse_continue_10bar_3pt:direction=all:first_target_points=3:stop_points=8:runner_target_points=20:runner_stop_mode=initial,impulse_continue_10bar_3pt,all,3,8,20,initial,6,6,6,1,5,0,5,0,0,0,0,-2050,-2092,-348.66666667,2,4,"two-contract post-signal scalp: one contract exits at first target, one runner uses selected stop mode and runner target"
1,scaled_scalp_walk_forward_window=8:train_dates=8:holdout_dates=1,train,true,2026-06-01;2026-06-02;2026-06-03;2026-06-04;2026-06-05;2026-06-08;2026-06-09;2026-06-10,signal_scaled_scalp:strategy=impulse_continue_10bar_3pt:direction=all:first_target_points=3:stop_points=8:runner_target_points=20:runner_stop_mode=initial,impulse_continue_10bar_3pt,all,3,8,20,initial,48,48,48,10,38,16,20,2,0,18,0.375,6350,6014,125.29166667,26,22,"two-contract post-signal scalp: one contract exits at first target, one runner uses selected stop mode and runner target"
1,scaled_scalp_walk_forward_window=8:train_dates=8:holdout_dates=1,holdout,true,2026-06-11,signal_scaled_scalp:strategy=impulse_continue_10bar_3pt:direction=all:first_target_points=3:stop_points=8:runner_target_points=20:runner_stop_mode=initial,impulse_continue_10bar_3pt,all,3,8,20,initial,6,6,6,2,4,2,2,0,0,2,0.33333333,200,158,26.33333333,4,2,"two-contract post-signal scalp: one contract exits at first target, one runner uses selected stop mode and runner target"
1,scaled_scalp_walk_forward_window=9:train_dates=8:holdout_dates=1,train,true,2026-06-02;2026-06-03;2026-06-04;2026-06-05;2026-06-08;2026-06-09;2026-06-10;2026-06-11,signal_scaled_scalp:strategy=impulse_continue_10bar_3pt:direction=all:first_target_points=3:stop_points=4:runner_target_points=15:runner_stop_mode=initial,impulse_continue_10bar_3pt,all,3,4,15,initial,48,48,48,13,35,14,21,0,0,14,0.29166667,6350,6014,125.29166667,25,23,"two-contract post-signal scalp: one contract exits at first target, one runner uses selected stop mode and runner target"
1,scaled_scalp_walk_forward_window=9:train_dates=8:holdout_dates=1,holdout,true,2026-06-12,signal_scaled_scalp:strategy=impulse_continue_10bar_3pt:direction=all:first_target_points=3:stop_points=4:runner_target_points=15:runner_stop_mode=initial,impulse_continue_10bar_3pt,all,3,4,15,initial,6,6,6,2,4,1,3,0,0,1,0.16666667,-50,-92,-15.33333333,5,1,"two-contract post-signal scalp: one contract exits at first target, one runner uses selected stop mode and runner target"
1,scaled_scalp_walk_forward_window=10:train_dates=8:holdout_dates=1,train,true,2026-06-03;2026-06-04;2026-06-05;2026-06-08;2026-06-09;2026-06-10;2026-06-11;2026-06-12,signal_scaled_scalp:strategy=impulse_continue_10bar_3pt:direction=all:first_target_points=4:stop_points=4:runner_target_points=8:runner_stop_mode=breakeven,impulse_continue_10bar_3pt,all,4,4,8,breakeven,48,48,48,18,30,17,13,0,0,30,0.625,5600,5264,109.66666667,26,22,"two-contract post-signal scalp: one contract exits at first target, one runner uses selected stop mode and runner target"
1,scaled_scalp_walk_forward_window=10:train_dates=8:holdout_dates=1,holdout,true,2026-06-15,signal_scaled_scalp:strategy=impulse_continue_10bar_3pt:direction=all:first_target_points=4:stop_points=4:runner_target_points=8:runner_stop_mode=breakeven,impulse_continue_10bar_3pt,all,4,4,8,breakeven,6,6,6,4,2,1,1,0,0,2,0.33333333,-800,-842,-140.33333333,3,3,"two-contract post-signal scalp: one contract exits at first target, one runner uses selected stop mode and runner target"
1,scaled_scalp_walk_forward_window=11:train_dates=8:holdout_dates=1,train,true,2026-06-04;2026-06-05;2026-06-08;2026-06-09;2026-06-10;2026-06-11;2026-06-12;2026-06-15,signal_scaled_scalp:strategy=impulse_continue_10bar_3pt:direction=all:first_target_points=4:stop_points=4:runner_target_points=8:runner_stop_mode=breakeven,impulse_continue_10bar_3pt,all,4,4,8,breakeven,48,48,48,20,28,18,10,0,0,28,0.58333333,4800,4464,93,27,21,"two-contract post-signal scalp: one contract exits at first target, one runner uses selected stop mode and runner target"
1,scaled_scalp_walk_forward_window=11:train_dates=8:holdout_dates=1,holdout,true,2026-06-16,signal_scaled_scalp:strategy=impulse_continue_10bar_3pt:direction=all:first_target_points=4:stop_points=4:runner_target_points=8:runner_stop_mode=breakeven,impulse_continue_10bar_3pt,all,4,4,8,breakeven,6,6,6,3,3,2,1,0,0,3,0.5,200,158,26.33333333,5,1,"two-contract post-signal scalp: one contract exits at first target, one runner uses selected stop mode and runner target"
1,scaled_scalp_walk_forward_window=12:train_dates=8:holdout_dates=1,train,true,2026-06-05;2026-06-08;2026-06-09;2026-06-10;2026-06-11;2026-06-12;2026-06-15;2026-06-16,signal_scaled_scalp:strategy=impulse_continue_10bar_3pt:direction=all:first_target_points=4:stop_points=4:runner_target_points=15:runner_stop_mode=breakeven,impulse_continue_10bar_3pt,all,4,4,15,breakeven,48,48,48,21,27,9,18,0,0,27,0.5625,3750,3414,71.125,28,20,"two-contract post-signal scalp: one contract exits at first target, one runner uses selected stop mode and runner target"
1,scaled_scalp_walk_forward_window=12:train_dates=8:holdout_dates=1,holdout,true,2026-06-17,signal_scaled_scalp:strategy=impulse_continue_10bar_3pt:direction=all:first_target_points=4:stop_points=4:runner_target_points=15:runner_stop_mode=breakeven,impulse_continue_10bar_3pt,all,4,4,15,breakeven,6,6,6,1,5,1,4,0,0,5,0.83333333,1350,1308,218,2,4,"two-contract post-signal scalp: one contract exits at first target, one runner uses selected stop mode and runner target"
1,scaled_scalp_walk_forward_window=13:train_dates=8:holdout_dates=1,train,true,2026-06-08;2026-06-09;2026-06-10;2026-06-11;2026-06-12;2026-06-15;2026-06-16;2026-06-17,signal_scaled_scalp:strategy=impulse_continue_10bar_3pt:direction=all:first_target_points=4:stop_points=4:runner_target_points=10:runner_stop_mode=breakeven,impulse_continue_10bar_3pt,all,4,4,10,breakeven,48,48,48,21,27,13,14,0,0,27,0.5625,3500,3164,65.91666667,27,21,"two-contract post-signal scalp: one contract exits at first target, one runner uses selected stop mode and runner target"
1,scaled_scalp_walk_forward_window=13:train_dates=8:holdout_dates=1,holdout,true,2026-06-18,signal_scaled_scalp:strategy=impulse_continue_10bar_3pt:direction=all:first_target_points=4:stop_points=4:runner_target_points=10:runner_stop_mode=breakeven,impulse_continue_10bar_3pt,all,4,4,10,breakeven,6,6,6,5,1,0,1,0,0,1,0.16666667,-1800,-1842,-307,3,3,"two-contract post-signal scalp: one contract exits at first target, one runner uses selected stop mode and runner target"
1,scaled_scalp_walk_forward_window=14:train_dates=8:holdout_dates=1,train,true,2026-06-09;2026-06-10;2026-06-11;2026-06-12;2026-06-15;2026-06-16;2026-06-17;2026-06-18,signal_scaled_scalp:strategy=impulse_continue_10bar_3pt:direction=all:first_target_points=4:stop_points=4:runner_target_points=10:runner_stop_mode=breakeven,impulse_continue_10bar_3pt,all,4,4,10,breakeven,48,48,48,22,26,13,13,0,0,26,0.54166667,2900,2564,53.41666667,27,21,"two-contract post-signal scalp: one contract exits at first target, one runner uses selected stop mode and runner target"
1,scaled_scalp_walk_forward_window=14:train_dates=8:holdout_dates=1,holdout,true,2026-06-19,signal_scaled_scalp:strategy=impulse_continue_10bar_3pt:direction=all:first_target_points=4:stop_points=4:runner_target_points=10:runner_stop_mode=breakeven,impulse_continue_10bar_3pt,all,4,4,10,breakeven,6,6,6,3,3,0,3,0,0,3,0.5,-600,-642,-107,4,2,"two-contract post-signal scalp: one contract exits at first target, one runner uses selected stop mode and runner target"
1,scaled_scalp_walk_forward_window=1:train_dates=8:holdout_dates=1,train,true,2026-05-22;2026-05-27;2026-05-28;2026-05-29;2026-06-01;2026-06-02;2026-06-03;2026-06-04,signal_scaled_scalp:strategy=delta_impulse_continue_10bar_2.5pt_50d:direction=all:first_target_points=3:stop_points=8:runner_target_points=10:runner_stop_mode=breakeven,delta_impulse_continue_10bar_2.5pt_50d,all,3,8,10,breakeven,14,14,14,2,12,6,6,0,0,12,0.85714286,3200,3102,221.57142857,9,5,"two-contract post-signal scalp: one contract exits at first target, one runner uses selected stop mode and runner target"
1,scaled_scalp_walk_forward_window=1:train_dates=8:holdout_dates=1,holdout,true,2026-06-05,signal_scaled_scalp:strategy=delta_impulse_continue_10bar_2.5pt_50d:direction=all:first_target_points=3:stop_points=8:runner_target_points=10:runner_stop_mode=breakeven,delta_impulse_continue_10bar_2.5pt_50d,all,3,8,10,breakeven,4,4,4,1,3,0,3,0,0,3,0.75,-350,-378,-94.5,2,2,"two-contract post-signal scalp: one contract exits at first target, one runner uses selected stop mode and runner target"
1,scaled_scalp_walk_forward_window=2:train_dates=8:holdout_dates=1,train,true,2026-05-27;2026-05-28;2026-05-29;2026-06-01;2026-06-02;2026-06-03;2026-06-04;2026-06-05,signal_scaled_scalp:strategy=delta_impulse_continue_10bar_2.5pt_50d:direction=all:first_target_points=3:stop_points=8:runner_target_points=10:runner_stop_mode=breakeven,delta_impulse_continue_10bar_2.5pt_50d,all,3,8,10,breakeven,16,16,16,2,14,5,9,0,0,14,0.875,3000,2888,180.5,11,5,"two-contract post-signal scalp: one contract exits at first target, one runner uses selected stop mode and runner target"
1,scaled_scalp_walk_forward_window=2:train_dates=8:holdout_dates=1,holdout,true,2026-06-08,signal_scaled_scalp:strategy=delta_impulse_continue_10bar_2.5pt_50d:direction=all:first_target_points=3:stop_points=8:runner_target_points=10:runner_stop_mode=breakeven,delta_impulse_continue_10bar_2.5pt_50d,all,3,8,10,breakeven,4,4,4,1,3,2,1,0,0,3,0.75,650,622,155.5,3,1,"two-contract post-signal scalp: one contract exits at first target, one runner uses selected stop mode and runner target"
1,scaled_scalp_walk_forward_window=3:train_dates=8:holdout_dates=1,train,true,2026-05-28;2026-05-29;2026-06-01;2026-06-02;2026-06-03;2026-06-04;2026-06-05;2026-06-08,signal_scaled_scalp:strategy=delta_impulse_continue_10bar_2.5pt_50d:direction=all:first_target_points=3:stop_points=8:runner_target_points=10:runner_stop_mode=initial,delta_impulse_continue_10bar_2.5pt_50d,all,3,8,10,initial,17,17,17,3,14,11,3,0,0,11,0.64705882,4000,3881,228.29411765,12,5,"two-contract post-signal scalp: one contract exits at first target, one runner uses selected stop mode and runner target"
1,scaled_scalp_walk_forward_window=3:train_dates=8:holdout_dates=1,holdout,true,2026-06-09,signal_scaled_scalp:strategy=delta_impulse_continue_10bar_2.5pt_50d:direction=all:first_target_points=3:stop_points=8:runner_target_points=10:runner_stop_mode=initial,delta_impulse_continue_10bar_2.5pt_50d,all,3,8,10,initial,6,6,6,0,6,4,2,0,0,4,0.66666667,2100,2058,343,1,5,"two-contract post-signal scalp: one contract exits at first target, one runner uses selected stop mode and runner target"
1,scaled_scalp_walk_forward_window=4:train_dates=8:holdout_dates=1,train,true,2026-05-29;2026-06-01;2026-06-02;2026-06-03;2026-06-04;2026-06-05;2026-06-08;2026-06-09,signal_scaled_scalp:strategy=delta_impulse_continue_10bar_2.5pt_50d:direction=all:first_target_points=3:stop_points=8:runner_target_points=10:runner_stop_mode=initial,delta_impulse_continue_10bar_2.5pt_50d,all,3,8,10,initial,22,22,22,3,19,15,4,0,0,15,0.68181818,6350,6196,281.63636364,13,9,"two-contract post-signal scalp: one contract exits at first target, one runner uses selected stop mode and runner target"
1,scaled_scalp_walk_forward_window=4:train_dates=8:holdout_dates=1,holdout,true,2026-06-10,signal_scaled_scalp:strategy=delta_impulse_continue_10bar_2.5pt_50d:direction=all:first_target_points=3:stop_points=8:runner_target_points=10:runner_stop_mode=initial,delta_impulse_continue_10bar_2.5pt_50d,all,3,8,10,initial,6,6,6,0,6,2,4,0,0,2,0.33333333,300,258,43,3,3,"two-contract post-signal scalp: one contract exits at first target, one runner uses selected stop mode and runner target"
1,scaled_scalp_walk_forward_window=5:train_dates=8:holdout_dates=1,train,true,2026-06-01;2026-06-02;2026-06-03;2026-06-04;2026-06-05;2026-06-08;2026-06-09;2026-06-10,signal_scaled_scalp:strategy=delta_impulse_continue_10bar_2.5pt_50d:direction=all:first_target_points=3:stop_points=8:runner_target_points=10:runner_stop_mode=breakeven,delta_impulse_continue_10bar_2.5pt_50d,all,3,8,10,breakeven,27,27,27,3,24,12,12,0,0,24,0.88888889,7200,7011,259.66666667,15,12,"two-contract post-signal scalp: one contract exits at first target, one runner uses selected stop mode and runner target"
1,scaled_scalp_walk_forward_window=5:train_dates=8:holdout_dates=1,holdout,true,2026-06-11,signal_scaled_scalp:strategy=delta_impulse_continue_10bar_2.5pt_50d:direction=all:first_target_points=3:stop_points=8:runner_target_points=10:runner_stop_mode=breakeven,delta_impulse_continue_10bar_2.5pt_50d,all,3,8,10,breakeven,6,6,6,1,5,2,3,0,0,5,0.83333333,950,908,151.33333333,2,4,"two-contract post-signal scalp: one contract exits at first target, one runner uses selected stop mode and runner target"
1,scaled_scalp_walk_forward_window=6:train_dates=8:holdout_dates=1,train,true,2026-06-02;2026-06-03;2026-06-04;2026-06-05;2026-06-08;2026-06-09;2026-06-10;2026-06-11,signal_scaled_scalp:strategy=delta_impulse_continue_10bar_2.5pt_50d:direction=all:first_target_points=3:stop_points=8:runner_target_points=15:runner_stop_mode=breakeven,delta_impulse_continue_10bar_2.5pt_50d,all,3,8,15,breakeven,32,32,32,4,28,9,18,1,0,28,0.875,8150,7926,247.6875,17,15,"two-contract post-signal scalp: one contract exits at first target, one runner uses selected stop mode and runner target"
1,scaled_scalp_walk_forward_window=6:train_dates=8:holdout_dates=1,holdout,true,2026-06-12,signal_scaled_scalp:strategy=delta_impulse_continue_10bar_2.5pt_50d:direction=all:first_target_points=3:stop_points=8:runner_target_points=15:runner_stop_mode=breakeven,delta_impulse_continue_10bar_2.5pt_50d,all,3,8,15,breakeven,6,6,6,2,4,1,3,0,0,4,0.66666667,-250,-292,-48.66666667,5,1,"two-contract post-signal scalp: one contract exits at first target, one runner uses selected stop mode and runner target"
1,scaled_scalp_walk_forward_window=7:train_dates=8:holdout_dates=1,train,true,2026-06-03;2026-06-04;2026-06-05;2026-06-08;2026-06-09;2026-06-10;2026-06-11;2026-06-12,signal_scaled_scalp:strategy=delta_impulse_continue_10bar_2.5pt_50d:direction=all:first_target_points=4:stop_points=5:runner_target_points=15:runner_stop_mode=breakeven,delta_impulse_continue_10bar_2.5pt_50d,all,4,5,15,breakeven,36,36,36,10,26,11,15,0,0,26,0.72222222,8450,8198,227.72222222,20,16,"two-contract post-signal scalp: one contract exits at first target, one runner uses selected stop mode and runner target"
1,scaled_scalp_walk_forward_window=7:train_dates=8:holdout_dates=1,holdout,true,2026-06-15,signal_scaled_scalp:strategy=delta_impulse_continue_10bar_2.5pt_50d:direction=all:first_target_points=4:stop_points=5:runner_target_points=15:runner_stop_mode=breakeven,delta_impulse_continue_10bar_2.5pt_50d,all,4,5,15,breakeven,6,6,6,3,3,1,2,0,0,3,0.5,-150,-192,-32,4,2,"two-contract post-signal scalp: one contract exits at first target, one runner uses selected stop mode and runner target"
1,scaled_scalp_walk_forward_window=8:train_dates=8:holdout_dates=1,train,true,2026-06-04;2026-06-05;2026-06-08;2026-06-09;2026-06-10;2026-06-11;2026-06-12;2026-06-15,signal_scaled_scalp:strategy=delta_impulse_continue_10bar_2.5pt_50d:direction=all:first_target_points=4:stop_points=5:runner_target_points=15:runner_stop_mode=breakeven,delta_impulse_continue_10bar_2.5pt_50d,all,4,5,15,breakeven,41,41,41,12,29,12,17,0,0,29,0.70731707,8800,8513,207.63414634,23,18,"two-contract post-signal scalp: one contract exits at first target, one runner uses selected stop mode and runner target"
1,scaled_scalp_walk_forward_window=8:train_dates=8:holdout_dates=1,holdout,true,2026-06-16,signal_scaled_scalp:strategy=delta_impulse_continue_10bar_2.5pt_50d:direction=all:first_target_points=4:stop_points=5:runner_target_points=15:runner_stop_mode=breakeven,delta_impulse_continue_10bar_2.5pt_50d,all,4,5,15,breakeven,6,6,6,4,2,1,1,0,0,2,0.33333333,-850,-892,-148.66666667,5,1,"two-contract post-signal scalp: one contract exits at first target, one runner uses selected stop mode and runner target"
1,scaled_scalp_walk_forward_window=9:train_dates=8:holdout_dates=1,train,true,2026-06-05;2026-06-08;2026-06-09;2026-06-10;2026-06-11;2026-06-12;2026-06-15;2026-06-16,signal_scaled_scalp:strategy=delta_impulse_continue_10bar_2.5pt_50d:direction=all:first_target_points=4:stop_points=5:runner_target_points=20:runner_stop_mode=breakeven,delta_impulse_continue_10bar_2.5pt_50d,all,4,5,20,breakeven,44,44,44,15,29,9,20,0,0,29,0.65909091,7300,6992,158.90909091,25,19,"two-contract post-signal scalp: one contract exits at first target, one runner uses selected stop mode and runner target"
1,scaled_scalp_walk_forward_window=9:train_dates=8:holdout_dates=1,holdout,true,2026-06-17,signal_scaled_scalp:strategy=delta_impulse_continue_10bar_2.5pt_50d:direction=all:first_target_points=4:stop_points=5:runner_target_points=20:runner_stop_mode=breakeven,delta_impulse_continue_10bar_2.5pt_50d,all,4,5,20,breakeven,6,6,6,1,5,0,5,0,0,5,0.83333333,500,458,76.33333333,2,4,"two-contract post-signal scalp: one contract exits at first target, one runner uses selected stop mode and runner target"
1,scaled_scalp_walk_forward_window=10:train_dates=8:holdout_dates=1,train,true,2026-06-08;2026-06-09;2026-06-10;2026-06-11;2026-06-12;2026-06-15;2026-06-16;2026-06-17,signal_scaled_scalp:strategy=delta_impulse_continue_10bar_2.5pt_50d:direction=all:first_target_points=4:stop_points=5:runner_target_points=10:runner_stop_mode=breakeven,delta_impulse_continue_10bar_2.5pt_50d,all,4,5,10,breakeven,46,46,46,14,32,17,15,0,0,32,0.69565217,7900,7578,164.73913043,25,21,"two-contract post-signal scalp: one contract exits at first target, one runner uses selected stop mode and runner target"
1,scaled_scalp_walk_forward_window=10:train_dates=8:holdout_dates=1,holdout,true,2026-06-18,signal_scaled_scalp:strategy=delta_impulse_continue_10bar_2.5pt_50d:direction=all:first_target_points=4:stop_points=5:runner_target_points=10:runner_stop_mode=breakeven,delta_impulse_continue_10bar_2.5pt_50d,all,4,5,10,breakeven,6,6,6,2,4,1,3,0,0,4,0.66666667,300,258,43,6,0,"two-contract post-signal scalp: one contract exits at first target, one runner uses selected stop mode and runner target"
1,scaled_scalp_walk_forward_window=11:train_dates=8:holdout_dates=1,train,true,2026-06-09;2026-06-10;2026-06-11;2026-06-12;2026-06-15;2026-06-16;2026-06-17;2026-06-18,signal_scaled_scalp:strategy=delta_impulse_continue_10bar_2.5pt_50d:direction=all:first_target_points=4:stop_points=4:runner_target_points=15:runner_stop_mode=breakeven,delta_impulse_continue_10bar_2.5pt_50d,all,4,4,15,breakeven,48,48,48,16,32,12,20,0,0,32,0.66666667,9000,8664,180.5,28,20,"two-contract post-signal scalp: one contract exits at first target, one runner uses selected stop mode and runner target"
1,scaled_scalp_walk_forward_window=11:train_dates=8:holdout_dates=1,holdout,true,2026-06-19,signal_scaled_scalp:strategy=delta_impulse_continue_10bar_2.5pt_50d:direction=all:first_target_points=4:stop_points=4:runner_target_points=15:runner_stop_mode=breakeven,delta_impulse_continue_10bar_2.5pt_50d,all,4,4,15,breakeven,6,6,6,2,4,0,4,0,0,4,0.66666667,0,-42,-7,5,1,"two-contract post-signal scalp: one contract exits at first target, one runner uses selected stop mode and runner target"
1,scaled_scalp_walk_forward_window=1:train_dates=8:holdout_dates=1,train,true,2026-06-05;2026-06-08;2026-06-09;2026-06-10;2026-06-11;2026-06-12;2026-06-15;2026-06-16,signal_scaled_scalp:strategy=vwap_delta_exhaustion_fade_4pt_30d_cl0.55:direction=all:first_target_points=2:stop_points=5:runner_target_points=6:runner_stop_mode=breakeven,vwap_delta_exhaustion_fade_4pt_30d_cl0.55,all,2,5,6,breakeven,35,35,35,9,26,10,16,0,0,26,0.74285714,1100,855,24.42857143,20,15,"two-contract post-signal scalp: one contract exits at first target, one runner uses selected stop mode and runner target"
1,scaled_scalp_walk_forward_window=1:train_dates=8:holdout_dates=1,holdout,true,2026-06-17,signal_scaled_scalp:strategy=vwap_delta_exhaustion_fade_4pt_30d_cl0.55:direction=all:first_target_points=2:stop_points=5:runner_target_points=6:runner_stop_mode=breakeven,vwap_delta_exhaustion_fade_4pt_30d_cl0.55,all,2,5,6,breakeven,6,6,6,1,5,1,4,0,0,5,0.83333333,300,258,43,4,2,"two-contract post-signal scalp: one contract exits at first target, one runner uses selected stop mode and runner target"
1,scaled_scalp_walk_forward_window=2:train_dates=8:holdout_dates=1,train,true,2026-06-08;2026-06-09;2026-06-10;2026-06-11;2026-06-12;2026-06-15;2026-06-16;2026-06-17,signal_scaled_scalp:strategy=vwap_delta_exhaustion_fade_4pt_30d_cl0.55:direction=all:first_target_points=4:stop_points=6:runner_target_points=6:runner_stop_mode=breakeven,vwap_delta_exhaustion_fade_4pt_30d_cl0.55,all,4,6,6,breakeven,40,40,40,15,25,18,7,0,0,25,0.625,1400,1120,28,23,17,"two-contract post-signal scalp: one contract exits at first target, one runner uses selected stop mode and runner target"
1,scaled_scalp_walk_forward_window=2:train_dates=8:holdout_dates=1,holdout,true,2026-06-18,signal_scaled_scalp:strategy=vwap_delta_exhaustion_fade_4pt_30d_cl0.55:direction=all:first_target_points=4:stop_points=6:runner_target_points=6:runner_stop_mode=breakeven,vwap_delta_exhaustion_fade_4pt_30d_cl0.55,all,4,6,6,breakeven,6,6,6,1,5,1,4,0,0,5,0.83333333,700,658,109.66666667,3,3,"two-contract post-signal scalp: one contract exits at first target, one runner uses selected stop mode and runner target"
1,scaled_scalp_walk_forward_window=3:train_dates=8:holdout_dates=1,train,true,2026-06-09;2026-06-10;2026-06-11;2026-06-12;2026-06-15;2026-06-16;2026-06-17;2026-06-18,signal_scaled_scalp:strategy=vwap_delta_exhaustion_fade_4pt_30d_cl0.55:direction=all:first_target_points=4:stop_points=6:runner_target_points=6:runner_stop_mode=breakeven,vwap_delta_exhaustion_fade_4pt_30d_cl0.55,all,4,6,6,breakeven,45,45,45,16,29,19,10,0,0,29,0.64444444,1900,1585,35.22222222,25,20,"two-contract post-signal scalp: one contract exits at first target, one runner uses selected stop mode and runner target"
1,scaled_scalp_walk_forward_window=3:train_dates=8:holdout_dates=1,holdout,true,2026-06-19,signal_scaled_scalp:strategy=vwap_delta_exhaustion_fade_4pt_30d_cl0.55:direction=all:first_target_points=4:stop_points=6:runner_target_points=6:runner_stop_mode=breakeven,vwap_delta_exhaustion_fade_4pt_30d_cl0.55,all,4,6,6,breakeven,4,4,4,0,3,2,1,1,0,4,1,1225,1197,299.25,2,2,"two-contract post-signal scalp: one contract exits at first target, one runner uses selected stop mode and runner target"
