schema_version,split_id,sample,selected_on_train,trade_dates,selected_context_experiment_id,veto_id,veto_name,veto_field,veto_operator,veto_threshold,minimum_kept_train_trades,selected_input_trades,kept_trades,vetoed_trades,runner_target_hits,full_stops,runner_stop_exits,other_exits,positive_net_trades,positive_net_rate,net_usd,average_net_usd,average_net_usd_lower_bound,unvetoed_net_usd,veto_net_improvement_usd,long_trades,short_trades,notes
1,scaled_context_filter_walk_forward_window=1:train_dates=8:holdout_dates=2,train,true,2026-03-23;2026-03-25;2026-03-27;2026-04-02;2026-04-07;2026-04-23;2026-04-24;2026-05-01,scaled_context_filter:strategy=delta_impulse_continue_10bar_2.5pt_50d:direction=all:minutes=0-390:max_risk_avg_range=8:max_runner_avg_range=8:signal_delta_avg=5-20:min_volume_avg=0:min_trades_avg=0:min_cont_edge=0:min_or_cont_edge=0:min_or_breakout=-999999:min_efficiency=0:max_chop=1:min_entry_session_volume=0:min_lookback_session_volume=0,selected_veto:none,none,none,none,0,10,12,12,0,5,5,2,0,5,0.41666667,-2934,-244.5,-462.05626667,-2934,0,8,4,second-stage single-feature veto selected on train rows only
1,scaled_context_filter_walk_forward_window=1:train_dates=8:holdout_dates=2,holdout,true,2026-05-04;2026-05-05,scaled_context_filter:strategy=delta_impulse_continue_10bar_2.5pt_50d:direction=all:minutes=0-390:max_risk_avg_range=8:max_runner_avg_range=8:signal_delta_avg=5-20:min_volume_avg=0:min_trades_avg=0:min_cont_edge=0:min_or_cont_edge=0:min_or_breakout=-999999:min_efficiency=0:max_chop=1:min_entry_session_volume=0:min_lookback_session_volume=0,selected_veto:none,none,none,none,0,10,2,2,0,0,1,1,0,0,0,-1364,-682,-947.16504294,-1364,0,1,1,second-stage single-feature veto selected on train rows only
1,scaled_context_filter_walk_forward_window=3:train_dates=8:holdout_dates=2,train,true,2026-03-27;2026-04-02;2026-04-07;2026-04-23;2026-04-24;2026-05-01;2026-05-04;2026-05-05,scaled_context_filter:strategy=delta_impulse_continue_10bar_2.5pt_50d:direction=all:minutes=0-390:max_risk_avg_range=8:max_runner_avg_range=8:signal_delta_avg=0-50:min_volume_avg=0:min_trades_avg=0:min_cont_edge=0:min_or_cont_edge=0:min_or_breakout=-999999:min_efficiency=0:max_chop=1:min_entry_session_volume=0:min_lookback_session_volume=0,selected_veto:none,none,none,none,0,10,12,12,0,3,6,3,0,3,0.25,-5484,-457,-653.05483927,-5484,0,7,5,second-stage single-feature veto selected on train rows only
1,scaled_context_filter_walk_forward_window=3:train_dates=8:holdout_dates=2,holdout,true,2026-05-13;2026-05-14,scaled_context_filter:strategy=delta_impulse_continue_10bar_2.5pt_50d:direction=all:minutes=0-390:max_risk_avg_range=8:max_runner_avg_range=8:signal_delta_avg=0-50:min_volume_avg=0:min_trades_avg=0:min_cont_edge=0:min_or_cont_edge=0:min_or_breakout=-999999:min_efficiency=0:max_chop=1:min_entry_session_volume=0:min_lookback_session_volume=0,selected_veto:none,none,none,none,0,10,7,7,0,7,0,0,0,7,1,4151,593,593,4151,0,7,0,second-stage single-feature veto selected on train rows only
1,scaled_context_filter_walk_forward_window=5:train_dates=8:holdout_dates=2,train,true,2026-04-07;2026-04-23;2026-04-24;2026-05-01;2026-05-04;2026-05-05;2026-05-13;2026-05-14,scaled_context_filter:strategy=delta_impulse_continue_10bar_2.5pt_50d:direction=all:minutes=60-390:max_risk_avg_range=8:max_runner_avg_range=8:signal_delta_avg=0-20:min_volume_avg=0:min_trades_avg=0:min_cont_edge=0:min_or_cont_edge=0:min_or_breakout=-999999:min_efficiency=0:max_chop=1:min_entry_session_volume=0:min_lookback_session_volume=0,selected_veto:name=min_opening_range_continuation_edge_score:field=opening_range_continuation_edge_score:op=>=:threshold=0.75,min_opening_range_continuation_edge_score,opening_range_continuation_edge_score,>=,0.75,10,14,12,2,8,2,2,0,8,0.66666667,2016,168,-16.41913314,652,1364,9,3,second-stage single-feature veto selected on train rows only
1,scaled_context_filter_walk_forward_window=5:train_dates=8:holdout_dates=2,holdout,true,2026-05-15;2026-05-18,scaled_context_filter:strategy=delta_impulse_continue_10bar_2.5pt_50d:direction=all:minutes=60-390:max_risk_avg_range=8:max_runner_avg_range=8:signal_delta_avg=0-20:min_volume_avg=0:min_trades_avg=0:min_cont_edge=0:min_or_cont_edge=0:min_or_breakout=-999999:min_efficiency=0:max_chop=1:min_entry_session_volume=0:min_lookback_session_volume=0,selected_veto:name=min_opening_range_continuation_edge_score:field=opening_range_continuation_edge_score:op=>=:threshold=0.75,min_opening_range_continuation_edge_score,opening_range_continuation_edge_score,>=,0.75,10,1,1,0,0,1,0,0,0,0,-1057,-1057,-1057,-1057,0,1,0,second-stage single-feature veto selected on train rows only
1,scaled_context_filter_walk_forward_window=7:train_dates=8:holdout_dates=2,train,true,2026-04-24;2026-05-01;2026-05-04;2026-05-05;2026-05-13;2026-05-14;2026-05-15;2026-05-18,scaled_context_filter:strategy=delta_impulse_continue_10bar_2.5pt_50d:direction=all:minutes=60-390:max_risk_avg_range=8:max_runner_avg_range=8:signal_delta_avg=0-20:min_volume_avg=0:min_trades_avg=0:min_cont_edge=0:min_or_cont_edge=0:min_or_breakout=-999999:min_efficiency=0:max_chop=1:min_entry_session_volume=0:min_lookback_session_volume=0,selected_veto:name=min_opening_range_continuation_edge_score:field=opening_range_continuation_edge_score:op=>=:threshold=1.5,min_opening_range_continuation_edge_score,opening_range_continuation_edge_score,>=,1.5,10,13,10,3,7,2,1,0,7,0.7,1730,173,-38.91979615,-691,2421,9,1,second-stage single-feature veto selected on train rows only
1,scaled_context_filter_walk_forward_window=7:train_dates=8:holdout_dates=2,holdout,true,2026-05-20;2026-05-21,scaled_context_filter:strategy=delta_impulse_continue_10bar_2.5pt_50d:direction=all:minutes=60-390:max_risk_avg_range=8:max_runner_avg_range=8:signal_delta_avg=0-20:min_volume_avg=0:min_trades_avg=0:min_cont_edge=0:min_or_cont_edge=0:min_or_breakout=-999999:min_efficiency=0:max_chop=1:min_entry_session_volume=0:min_lookback_session_volume=0,selected_veto:name=min_opening_range_continuation_edge_score:field=opening_range_continuation_edge_score:op=>=:threshold=1.5,min_opening_range_continuation_edge_score,opening_range_continuation_edge_score,>=,1.5,10,6,5,1,4,1,0,0,4,0.8,1315,263,-32.16097303,258,1057,5,0,second-stage single-feature veto selected on train rows only
1,scaled_context_filter_walk_forward_window=9:train_dates=8:holdout_dates=2,train,true,2026-05-04;2026-05-05;2026-05-13;2026-05-14;2026-05-15;2026-05-18;2026-05-20;2026-05-21,scaled_context_filter:strategy=delta_impulse_continue_10bar_2.5pt_50d:direction=all:minutes=60-390:max_risk_avg_range=12:max_runner_avg_range=12:signal_delta_avg=10-50:min_volume_avg=0:min_trades_avg=0:min_cont_edge=0:min_or_cont_edge=0:min_or_breakout=-999999:min_efficiency=0:max_chop=1:min_entry_session_volume=0:min_lookback_session_volume=0,selected_veto:name=min_opening_range_continuation_edge_score:field=opening_range_continuation_edge_score:op=>=:threshold=1.5,min_opening_range_continuation_edge_score,opening_range_continuation_edge_score,>=,1.5,10,12,11,1,10,0,0,1,10,0.90909091,5398,490.72727273,393.21405337,4341,1057,11,0,second-stage single-feature veto selected on train rows only
1,scaled_context_filter_walk_forward_window=9:train_dates=8:holdout_dates=2,holdout,true,2026-05-22;2026-05-26,scaled_context_filter:strategy=none:direction=all:minutes=60-390:max_risk_avg_range=12:max_runner_avg_range=12:signal_delta_avg=10-50:min_volume_avg=0:min_trades_avg=0:min_cont_edge=0:min_or_cont_edge=0:min_or_breakout=-999999:min_efficiency=0:max_chop=1:min_entry_session_volume=0:min_lookback_session_volume=0,selected_veto:name=min_opening_range_continuation_edge_score:field=opening_range_continuation_edge_score:op=>=:threshold=1.5,min_opening_range_continuation_edge_score,opening_range_continuation_edge_score,>=,1.5,10,0,0,0,0,0,0,0,0,0,0,0,0,0,0,0,0,second-stage single-feature veto selected on train rows only
1,scaled_context_filter_walk_forward_window=11:train_dates=8:holdout_dates=2,train,true,2026-05-13;2026-05-14;2026-05-15;2026-05-18;2026-05-20;2026-05-21;2026-05-22;2026-05-26,scaled_context_filter:strategy=delta_impulse_continue_10bar_2.5pt_50d:direction=all:minutes=60-390:max_risk_avg_range=8:max_runner_avg_range=8:signal_delta_avg=0-50:min_volume_avg=0:min_trades_avg=0:min_cont_edge=0:min_or_cont_edge=0:min_or_breakout=-999999:min_efficiency=0:max_chop=1:min_entry_session_volume=0:min_lookback_session_volume=0,selected_veto:name=min_opening_range_continuation_edge_score:field=opening_range_continuation_edge_score:op=>=:threshold=1.5,min_opening_range_continuation_edge_score,opening_range_continuation_edge_score,>=,1.5,10,17,13,4,12,1,0,0,12,0.92307692,6059,466.07692308,344.13317518,5131,928,13,0,second-stage single-feature veto selected on train rows only
1,scaled_context_filter_walk_forward_window=11:train_dates=8:holdout_dates=2,holdout,true,2026-05-27;2026-05-28,scaled_context_filter:strategy=delta_impulse_continue_10bar_2.5pt_50d:direction=all:minutes=60-390:max_risk_avg_range=8:max_runner_avg_range=8:signal_delta_avg=0-50:min_volume_avg=0:min_trades_avg=0:min_cont_edge=0:min_or_cont_edge=0:min_or_breakout=-999999:min_efficiency=0:max_chop=1:min_entry_session_volume=0:min_lookback_session_volume=0,selected_veto:name=min_opening_range_continuation_edge_score:field=opening_range_continuation_edge_score:op=>=:threshold=1.5,min_opening_range_continuation_edge_score,opening_range_continuation_edge_score,>=,1.5,10,2,0,2,0,0,0,0,0,0,0,0,0,-2114,2114,0,0,second-stage single-feature veto selected on train rows only
1,scaled_context_filter_walk_forward_window=13:train_dates=8:holdout_dates=2,train,true,2026-05-15;2026-05-18;2026-05-20;2026-05-21;2026-05-22;2026-05-26;2026-05-27;2026-05-28,scaled_context_filter:strategy=delta_impulse_continue_10bar_2.5pt_50d:direction=all:minutes=60-390:max_risk_avg_range=8:max_runner_avg_range=8:signal_delta_avg=0-50:min_volume_avg=0:min_trades_avg=0:min_cont_edge=0:min_or_cont_edge=0:min_or_breakout=-999999:min_efficiency=0:max_chop=1:min_entry_session_volume=0:min_lookback_session_volume=0,selected_veto:name=max_risk_to_average_bar_range:field=risk_to_average_bar_range:op=<=:threshold=4,max_risk_to_average_bar_range,risk_to_average_bar_range,<=,4,10,12,11,1,7,4,0,0,7,0.63636364,-77,-7,-246.31721057,-1134,1057,9,2,second-stage single-feature veto selected on train rows only
1,scaled_context_filter_walk_forward_window=13:train_dates=8:holdout_dates=2,holdout,true,2026-05-29;2026-06-01,scaled_context_filter:strategy=delta_impulse_continue_10bar_2.5pt_50d:direction=all:minutes=60-390:max_risk_avg_range=8:max_runner_avg_range=8:signal_delta_avg=0-50:min_volume_avg=0:min_trades_avg=0:min_cont_edge=0:min_or_cont_edge=0:min_or_breakout=-999999:min_efficiency=0:max_chop=1:min_entry_session_volume=0:min_lookback_session_volume=0,selected_veto:name=max_risk_to_average_bar_range:field=risk_to_average_bar_range:op=<=:threshold=4,max_risk_to_average_bar_range,risk_to_average_bar_range,<=,4,10,7,6,1,2,4,0,0,2,0.33333333,-3042,-507,-824.54264805,-3349,307,4,2,second-stage single-feature veto selected on train rows only
1,scaled_context_filter_walk_forward_window=15:train_dates=8:holdout_dates=2,train,true,2026-05-20;2026-05-21;2026-05-22;2026-05-26;2026-05-27;2026-05-28;2026-05-29;2026-06-01,scaled_context_filter:strategy=delta_impulse_continue_10bar_2.5pt_50d:direction=all:minutes=0-390:max_risk_avg_range=12:max_runner_avg_range=12:signal_delta_avg=10-50:min_volume_avg=0:min_trades_avg=0:min_cont_edge=0:min_or_cont_edge=0:min_or_breakout=-999999:min_efficiency=0:max_chop=1:min_entry_session_volume=0:min_lookback_session_volume=0,selected_veto:name=max_risk_to_average_bar_range:field=risk_to_average_bar_range:op=<=:threshold=4,max_risk_to_average_bar_range,risk_to_average_bar_range,<=,4,10,12,10,2,7,3,0,0,7,0.7,980,98,-141.10771631,-609,1589,9,1,second-stage single-feature veto selected on train rows only
1,scaled_context_filter_walk_forward_window=15:train_dates=8:holdout_dates=2,holdout,true,2026-06-02;2026-06-03,scaled_context_filter:strategy=delta_impulse_continue_10bar_2.5pt_50d:direction=all:minutes=0-390:max_risk_avg_range=12:max_runner_avg_range=12:signal_delta_avg=10-50:min_volume_avg=0:min_trades_avg=0:min_cont_edge=0:min_or_cont_edge=0:min_or_breakout=-999999:min_efficiency=0:max_chop=1:min_entry_session_volume=0:min_lookback_session_volume=0,selected_veto:name=max_risk_to_average_bar_range:field=risk_to_average_bar_range:op=<=:threshold=4,max_risk_to_average_bar_range,risk_to_average_bar_range,<=,4,10,3,1,2,0,1,0,0,0,0,-1057,-1057,-1057,-3171,2114,1,0,second-stage single-feature veto selected on train rows only
1,scaled_context_filter_walk_forward_window=17:train_dates=8:holdout_dates=2,train,true,2026-05-22;2026-05-26;2026-05-27;2026-05-28;2026-05-29;2026-06-01;2026-06-02;2026-06-03,scaled_context_filter:strategy=delta_impulse_continue_10bar_2.5pt_50d:direction=all:minutes=0-390:max_risk_avg_range=4:max_runner_avg_range=4:signal_delta_avg=5-20:min_volume_avg=0:min_trades_avg=0:min_cont_edge=0:min_or_cont_edge=0:min_or_breakout=-999999:min_efficiency=0:max_chop=1:min_entry_session_volume=0:min_lookback_session_volume=0,selected_veto:name=max_signal_abs_delta_sum_to_average_abs_delta:field=signal_abs_delta_sum_to_average_abs_delta:op=<=:threshold=12,max_signal_abs_delta_sum_to_average_abs_delta,signal_abs_delta_sum_to_average_abs_delta,<=,12,10,12,10,2,5,4,1,0,5,0.5,-1570,-157,-403.47515088,-3684,2114,6,4,second-stage single-feature veto selected on train rows only
1,scaled_context_filter_walk_forward_window=17:train_dates=8:holdout_dates=2,holdout,true,2026-06-04;2026-06-05,scaled_context_filter:strategy=delta_impulse_continue_10bar_2.5pt_50d:direction=all:minutes=0-390:max_risk_avg_range=4:max_runner_avg_range=4:signal_delta_avg=5-20:min_volume_avg=0:min_trades_avg=0:min_cont_edge=0:min_or_cont_edge=0:min_or_breakout=-999999:min_efficiency=0:max_chop=1:min_entry_session_volume=0:min_lookback_session_volume=0,selected_veto:name=max_signal_abs_delta_sum_to_average_abs_delta:field=signal_abs_delta_sum_to_average_abs_delta:op=<=:threshold=12,max_signal_abs_delta_sum_to_average_abs_delta,signal_abs_delta_sum_to_average_abs_delta,<=,12,10,10,9,1,8,1,0,0,8,0.88888889,3687,409.66666667,236.81834238,2630,1057,4,5,second-stage single-feature veto selected on train rows only
1,scaled_context_filter_walk_forward_window=19:train_dates=8:holdout_dates=2,train,true,2026-05-27;2026-05-28;2026-05-29;2026-06-01;2026-06-02;2026-06-03;2026-06-04;2026-06-05,scaled_context_filter:strategy=delta_impulse_continue_10bar_2.5pt_50d:direction=all:minutes=0-240:max_risk_avg_range=8:max_runner_avg_range=4:signal_delta_avg=0-20:min_volume_avg=0.75:min_trades_avg=0:min_cont_edge=0:min_or_cont_edge=0:min_or_breakout=-999999:min_efficiency=0:max_chop=1:min_entry_session_volume=0:min_lookback_session_volume=0,selected_veto:name=max_signal_abs_delta_sum_to_average_abs_delta:field=signal_abs_delta_sum_to_average_abs_delta:op=<=:threshold=12,max_signal_abs_delta_sum_to_average_abs_delta,signal_abs_delta_sum_to_average_abs_delta,<=,12,10,13,10,3,7,2,1,0,7,0.7,1730,173,-38.91979615,209,1521,4,6,second-stage single-feature veto selected on train rows only
1,scaled_context_filter_walk_forward_window=19:train_dates=8:holdout_dates=2,holdout,true,2026-06-08;2026-06-09,scaled_context_filter:strategy=delta_impulse_continue_10bar_2.5pt_50d:direction=all:minutes=0-240:max_risk_avg_range=8:max_runner_avg_range=4:signal_delta_avg=0-20:min_volume_avg=0.75:min_trades_avg=0:min_cont_edge=0:min_or_cont_edge=0:min_or_breakout=-999999:min_efficiency=0:max_chop=1:min_entry_session_volume=0:min_lookback_session_volume=0,selected_veto:name=max_signal_abs_delta_sum_to_average_abs_delta:field=signal_abs_delta_sum_to_average_abs_delta:op=<=:threshold=12,max_signal_abs_delta_sum_to_average_abs_delta,signal_abs_delta_sum_to_average_abs_delta,<=,12,10,9,9,0,5,3,1,0,5,0.55555556,-513,-57,-309.7625148,-513,0,3,6,second-stage single-feature veto selected on train rows only
1,scaled_context_filter_walk_forward_window=21:train_dates=8:holdout_dates=2,train,true,2026-05-29;2026-06-01;2026-06-02;2026-06-03;2026-06-04;2026-06-05;2026-06-08;2026-06-09,scaled_context_filter:strategy=delta_impulse_continue_10bar_2.5pt_50d:direction=all:minutes=0-180:max_risk_avg_range=4:max_runner_avg_range=4:signal_delta_avg=0-20:min_volume_avg=0:min_trades_avg=1:min_cont_edge=0:min_or_cont_edge=0:min_or_breakout=-999999:min_efficiency=0:max_chop=1:min_entry_session_volume=0:min_lookback_session_volume=0,selected_veto:name=max_signal_abs_delta_sum_to_average_abs_delta:field=signal_abs_delta_sum_to_average_abs_delta:op=<=:threshold=12,max_signal_abs_delta_sum_to_average_abs_delta,signal_abs_delta_sum_to_average_abs_delta,<=,12,10,13,11,2,10,0,1,0,10,0.90909091,5623,511.18181818,433.1712427,3509,2114,4,7,second-stage single-feature veto selected on train rows only
1,scaled_context_filter_walk_forward_window=21:train_dates=8:holdout_dates=2,holdout,true,2026-06-10;2026-06-11,scaled_context_filter:strategy=delta_impulse_continue_10bar_2.5pt_50d:direction=all:minutes=0-180:max_risk_avg_range=4:max_runner_avg_range=4:signal_delta_avg=0-20:min_volume_avg=0:min_trades_avg=1:min_cont_edge=0:min_or_cont_edge=0:min_or_breakout=-999999:min_efficiency=0:max_chop=1:min_entry_session_volume=0:min_lookback_session_volume=0,selected_veto:name=max_signal_abs_delta_sum_to_average_abs_delta:field=signal_abs_delta_sum_to_average_abs_delta:op=<=:threshold=12,max_signal_abs_delta_sum_to_average_abs_delta,signal_abs_delta_sum_to_average_abs_delta,<=,12,10,3,3,0,1,1,1,0,1,0.33333333,-771,-257,-646.44404818,-771,0,1,2,second-stage single-feature veto selected on train rows only
1,scaled_context_filter_walk_forward_window=23:train_dates=8:holdout_dates=2,train,true,2026-06-02;2026-06-03;2026-06-04;2026-06-05;2026-06-08;2026-06-09;2026-06-10;2026-06-11,scaled_context_filter:strategy=delta_impulse_continue_10bar_2.5pt_50d:direction=all:minutes=0-180:max_risk_avg_range=4:max_runner_avg_range=4:signal_delta_avg=0-20:min_volume_avg=0:min_trades_avg=1:min_cont_edge=0:min_or_cont_edge=0:min_or_breakout=-999999:min_efficiency=0:max_chop=1:min_entry_session_volume=0:min_lookback_session_volume=0,selected_veto:name=max_signal_abs_delta_sum_to_average_abs_delta:field=signal_abs_delta_sum_to_average_abs_delta:op=<=:threshold=10,max_signal_abs_delta_sum_to_average_abs_delta,signal_abs_delta_sum_to_average_abs_delta,<=,10,10,14,12,2,10,0,2,0,10,0.83333333,5316,443,346.17541634,3202,2114,5,7,second-stage single-feature veto selected on train rows only
1,scaled_context_filter_walk_forward_window=23:train_dates=8:holdout_dates=2,holdout,true,2026-06-12;2026-06-15,scaled_context_filter:strategy=delta_impulse_continue_10bar_2.5pt_50d:direction=all:minutes=0-180:max_risk_avg_range=4:max_runner_avg_range=4:signal_delta_avg=0-20:min_volume_avg=0:min_trades_avg=1:min_cont_edge=0:min_or_cont_edge=0:min_or_breakout=-999999:min_efficiency=0:max_chop=1:min_entry_session_volume=0:min_lookback_session_volume=0,selected_veto:name=max_signal_abs_delta_sum_to_average_abs_delta:field=signal_abs_delta_sum_to_average_abs_delta:op=<=:threshold=10,max_signal_abs_delta_sum_to_average_abs_delta,signal_abs_delta_sum_to_average_abs_delta,<=,10,10,2,2,0,1,1,0,0,1,0.5,-464,-232,-815.36309448,-464,0,1,1,second-stage single-feature veto selected on train rows only
1,scaled_context_filter_walk_forward_window=25:train_dates=8:holdout_dates=2,train,true,2026-06-04;2026-06-05;2026-06-08;2026-06-09;2026-06-10;2026-06-11;2026-06-12;2026-06-15,scaled_context_filter:strategy=delta_impulse_continue_10bar_2.5pt_50d:direction=all:minutes=0-180:max_risk_avg_range=8:max_runner_avg_range=4:signal_delta_avg=0-20:min_volume_avg=0:min_trades_avg=1:min_cont_edge=0:min_or_cont_edge=0:min_or_breakout=-999999:min_efficiency=0:max_chop=1:min_entry_session_volume=0:min_lookback_session_volume=0,selected_veto:name=min_opening_range_continuation_edge_score:field=opening_range_continuation_edge_score:op=>=:threshold=1.25,min_opening_range_continuation_edge_score,opening_range_continuation_edge_score,>=,1.25,10,16,10,6,9,0,1,0,9,0.9,5030,503,417.61850318,4388,642,4,6,second-stage single-feature veto selected on train rows only
1,scaled_context_filter_walk_forward_window=25:train_dates=8:holdout_dates=2,holdout,true,2026-06-16;2026-06-17,scaled_context_filter:strategy=delta_impulse_continue_10bar_2.5pt_50d:direction=all:minutes=0-180:max_risk_avg_range=8:max_runner_avg_range=4:signal_delta_avg=0-20:min_volume_avg=0:min_trades_avg=1:min_cont_edge=0:min_or_cont_edge=0:min_or_breakout=-999999:min_efficiency=0:max_chop=1:min_entry_session_volume=0:min_lookback_session_volume=0,selected_veto:name=min_opening_range_continuation_edge_score:field=opening_range_continuation_edge_score:op=>=:threshold=1.25,min_opening_range_continuation_edge_score,opening_range_continuation_edge_score,>=,1.25,10,4,3,1,2,1,0,0,2,0.66666667,129,43,-406.07311951,722,-593,0,3,second-stage single-feature veto selected on train rows only
1,scaled_context_filter_walk_forward_window=27:train_dates=8:holdout_dates=2,train,true,2026-06-08;2026-06-09;2026-06-10;2026-06-11;2026-06-12;2026-06-15;2026-06-16;2026-06-17,scaled_context_filter:strategy=delta_impulse_continue_10bar_2.5pt_50d:direction=all:minutes=0-180:max_risk_avg_range=4:max_runner_avg_range=4:signal_delta_avg=0-20:min_volume_avg=0:min_trades_avg=1:min_cont_edge=0:min_or_cont_edge=0:min_or_breakout=-999999:min_efficiency=0:max_chop=1:min_entry_session_volume=0:min_lookback_session_volume=0,selected_veto:name=max_signal_abs_delta_sum_to_average_abs_delta:field=signal_abs_delta_sum_to_average_abs_delta:op=<=:threshold=8,max_signal_abs_delta_sum_to_average_abs_delta,signal_abs_delta_sum_to_average_abs_delta,<=,8,10,15,14,1,10,2,2,0,10,0.71428571,3202,228.71428571,65.72025087,2145,1057,4,10,second-stage single-feature veto selected on train rows only
1,scaled_context_filter_walk_forward_window=27:train_dates=8:holdout_dates=2,holdout,true,2026-06-18;2026-06-19,scaled_context_filter:strategy=delta_impulse_continue_10bar_2.5pt_50d:direction=all:minutes=0-180:max_risk_avg_range=4:max_runner_avg_range=4:signal_delta_avg=0-20:min_volume_avg=0:min_trades_avg=1:min_cont_edge=0:min_or_cont_edge=0:min_or_breakout=-999999:min_efficiency=0:max_chop=1:min_entry_session_volume=0:min_lookback_session_volume=0,selected_veto:name=max_signal_abs_delta_sum_to_average_abs_delta:field=signal_abs_delta_sum_to_average_abs_delta:op=<=:threshold=8,max_signal_abs_delta_sum_to_average_abs_delta,signal_abs_delta_sum_to_average_abs_delta,<=,8,10,1,1,0,1,0,0,0,1,1,593,593,593,593,0,1,0,second-stage single-feature veto selected on train rows only
1,scaled_context_filter_walk_forward_window=29:train_dates=8:holdout_dates=2,train,true,2026-06-10;2026-06-11;2026-06-12;2026-06-15;2026-06-16;2026-06-17;2026-06-18;2026-06-19,scaled_context_filter:strategy=delta_impulse_continue_10bar_2.5pt_50d:direction=long:minutes=0-180:max_risk_avg_range=4:max_runner_avg_range=4:signal_delta_avg=0-20:min_volume_avg=0:min_trades_avg=0:min_cont_edge=0:min_or_cont_edge=0:min_or_breakout=-999999:min_efficiency=0:max_chop=1:min_entry_session_volume=0:min_lookback_session_volume=0,selected_veto:name=min_opening_range_continuation_edge_score:field=opening_range_continuation_edge_score:op=>=:threshold=0.75,min_opening_range_continuation_edge_score,opening_range_continuation_edge_score,>=,0.75,10,23,13,10,9,2,1,1,9,0.69230769,2109,162.23076923,-23.06752391,2189,-80,13,0,second-stage single-feature veto selected on train rows only
1,scaled_context_filter_walk_forward_window=29:train_dates=8:holdout_dates=2,holdout,true,2026-06-22;2026-06-23,scaled_context_filter:strategy=delta_impulse_continue_10bar_2.5pt_50d:direction=long:minutes=0-180:max_risk_avg_range=4:max_runner_avg_range=4:signal_delta_avg=0-20:min_volume_avg=0:min_trades_avg=0:min_cont_edge=0:min_or_cont_edge=0:min_or_breakout=-999999:min_efficiency=0:max_chop=1:min_entry_session_volume=0:min_lookback_session_volume=0,selected_veto:name=min_opening_range_continuation_edge_score:field=opening_range_continuation_edge_score:op=>=:threshold=0.75,min_opening_range_continuation_edge_score,opening_range_continuation_edge_score,>=,0.75,10,1,1,0,1,0,0,0,1,1,593,593,593,593,0,1,0,second-stage single-feature veto selected on train rows only
1,scaled_context_filter_walk_forward_window=31:train_dates=8:holdout_dates=2,train,true,2026-06-12;2026-06-15;2026-06-16;2026-06-17;2026-06-18;2026-06-19;2026-06-22;2026-06-23,scaled_context_filter:strategy=delta_impulse_continue_10bar_2.5pt_50d:direction=long:minutes=0-180:max_risk_avg_range=4:max_runner_avg_range=4:signal_delta_avg=0-20:min_volume_avg=0:min_trades_avg=0:min_cont_edge=0:min_or_cont_edge=0:min_or_breakout=-999999:min_efficiency=0:max_chop=1:min_entry_session_volume=0:min_lookback_session_volume=0,selected_veto:name=min_opening_range_continuation_edge_score:field=opening_range_continuation_edge_score:op=>=:threshold=0.75,min_opening_range_continuation_edge_score,opening_range_continuation_edge_score,>=,0.75,10,22,12,10,9,1,1,1,9,0.75,3166,263.83333333,93.2076126,3246,-80,12,0,second-stage single-feature veto selected on train rows only
1,scaled_context_filter_walk_forward_window=31:train_dates=8:holdout_dates=2,holdout,true,2026-06-24;2026-06-25,scaled_context_filter:strategy=delta_impulse_continue_10bar_2.5pt_50d:direction=long:minutes=0-180:max_risk_avg_range=4:max_runner_avg_range=4:signal_delta_avg=0-20:min_volume_avg=0:min_trades_avg=0:min_cont_edge=0:min_or_cont_edge=0:min_or_breakout=-999999:min_efficiency=0:max_chop=1:min_entry_session_volume=0:min_lookback_session_volume=0,selected_veto:name=min_opening_range_continuation_edge_score:field=opening_range_continuation_edge_score:op=>=:threshold=0.75,min_opening_range_continuation_edge_score,opening_range_continuation_edge_score,>=,0.75,10,6,3,3,3,0,0,0,3,1,1779,593,593,2658,-879,3,0,second-stage single-feature veto selected on train rows only
1,scaled_context_filter_walk_forward_window=33:train_dates=8:holdout_dates=2,train,true,2026-06-16;2026-06-17;2026-06-18;2026-06-19;2026-06-22;2026-06-23;2026-06-24;2026-06-25,scaled_context_filter:strategy=delta_impulse_continue_10bar_2.5pt_50d:direction=all:minutes=0-120:max_risk_avg_range=4:max_runner_avg_range=4:signal_delta_avg=0-20:min_volume_avg=0:min_trades_avg=0:min_cont_edge=0:min_or_cont_edge=0:min_or_breakout=-999999:min_efficiency=0:max_chop=1:min_entry_session_volume=0:min_lookback_session_volume=0,selected_veto:name=max_signal_abs_delta_sum_to_average_abs_delta:field=signal_abs_delta_sum_to_average_abs_delta:op=<=:threshold=6,max_signal_abs_delta_sum_to_average_abs_delta,signal_abs_delta_sum_to_average_abs_delta,<=,6,10,34,27,7,19,3,5,0,19,0.7037037,6561,243,132.44584032,3462,3099,14,13,second-stage single-feature veto selected on train rows only
1,scaled_context_filter_walk_forward_window=33:train_dates=8:holdout_dates=2,holdout,true,2026-06-26;2026-06-29,scaled_context_filter:strategy=delta_impulse_continue_10bar_2.5pt_50d:direction=all:minutes=0-120:max_risk_avg_range=4:max_runner_avg_range=4:signal_delta_avg=0-20:min_volume_avg=0:min_trades_avg=0:min_cont_edge=0:min_or_cont_edge=0:min_or_breakout=-999999:min_efficiency=0:max_chop=1:min_entry_session_volume=0:min_lookback_session_volume=0,selected_veto:name=max_signal_abs_delta_sum_to_average_abs_delta:field=signal_abs_delta_sum_to_average_abs_delta:op=<=:threshold=6,max_signal_abs_delta_sum_to_average_abs_delta,signal_abs_delta_sum_to_average_abs_delta,<=,6,10,8,7,1,4,2,1,0,4,0.57142857,-49,-7,-283.08782986,-356,307,7,0,second-stage single-feature veto selected on train rows only
