schema_version,trade_date,trades,runner_target_hits,full_stops,runner_stop_exits,other_exits,positive_net_trades,positive_net_rate,net_usd,average_net_usd,cumulative_net_usd
1,2025-10-13,13,4,5,3,1,5,0.38461538,-2703.5,-207.96153846,-2703.5
1,2025-10-14,12,6,6,0,0,6,0.5,-1884,-157,-4587.5
1,2025-10-15,6,4,0,2,0,4,0.66666667,2308,384.66666667,-2279.5
1,2025-10-16,13,4,6,3,0,4,0.30769231,-4166,-320.46153846,-6445.5
1,2025-10-17,7,4,3,0,0,4,0.57142857,-224,-32,-6669.5
1,2025-10-20,11,2,2,3,4,5,0.45454545,-1252,-113.81818182,-7921.5
1,2025-10-21,11,11,0,0,0,11,1,7898,718,-23.5
1,2025-10-22,10,6,4,0,0,6,0.6,180,18,156.5
1,2025-10-23,11,5,2,2,2,7,0.63636364,1873,170.27272727,2029.5
1,2025-10-24,10,9,0,0,1,10,1,7055,705.5,9084.5
1,2025-10-27,8,0,7,1,0,0,0,-7506,-938.25,1578.5
1,2025-10-28,8,3,3,1,1,4,0.5,-668.5,-83.5625,910
1,2025-10-29,5,1,1,3,0,1,0.2,-1160,-232,-250
1,2025-10-30,10,7,3,0,0,7,0.7,1930,193,1680
1,2025-10-31,11,6,4,1,0,6,0.54545455,-102,-9.27272727,1578
1,2025-11-03,8,4,1,0,3,7,0.875,2319,289.875,3897
1,2025-11-04,9,5,3,1,0,5,0.55555556,212,23.55555556,4109
1,2025-11-05,9,6,2,1,0,6,0.66666667,1962,218,6071
1,2025-11-06,7,3,3,1,0,3,0.42857143,-1224,-174.85714286,4847
1,2025-11-07,9,4,5,0,0,4,0.44444444,-2288,-254.22222222,2559
1,2025-11-10,9,3,4,0,2,4,0.44444444,-2288,-254.22222222,271
1,2025-11-11,13,3,5,0,5,6,0.46153846,-3653.5,-281.03846154,-3382.5
1,2025-11-12,12,7,2,2,1,8,0.66666667,2416,201.33333333,-966.5
1,2025-11-13,12,6,5,1,0,6,0.5,-1134,-94.5,-2100.5
1,2025-11-14,7,2,4,0,1,2,0.28571429,-2786.5,-398.07142857,-4887
1,2025-11-17,8,4,4,0,0,4,0.5,-1256,-157,-6143
1,2025-11-18,10,5,2,3,0,5,0.5,680,68,-5463
1,2025-11-19,13,6,4,3,0,6,0.46153846,-666,-51.23076923,-6129
1,2025-11-20,14,8,5,1,0,8,0.57142857,302,21.57142857,-5827
1,2025-11-21,13,8,4,1,0,8,0.61538462,1334,102.61538462,-4493
1,2025-11-24,8,5,1,0,2,7,0.875,2931.5,366.4375,-1561.5
1,2025-11-25,11,4,5,2,0,4,0.36363636,-2852,-259.27272727,-4413.5
1,2025-11-26,8,6,1,1,0,6,0.75,2994,374.25,-1419.5
1,2025-11-28,6,1,3,0,2,2,0.33333333,-2467,-411.16666667,-3886.5
1,2025-12-01,8,5,1,2,0,5,0.625,1994,249.25,-1892.5
1,2025-12-02,7,6,1,0,0,6,0.85714286,3276,468,1383.5
1,2025-12-03,9,3,4,1,1,4,0.44444444,-1900.5,-211.16666667,-517
1,2025-12-04,10,9,1,0,0,9,0.9,5430,543,4913
1,2025-12-05,7,2,3,2,0,2,0.28571429,-2224,-317.71428571,2689
1,2025-12-08,8,4,4,0,0,4,0.5,-1256,-157,1433
1,2025-12-09,10,1,5,4,0,1,0.1,-5570,-557,-4137
1,2025-12-10,9,6,3,0,0,6,0.66666667,1212,134.66666667,-2925
1,2025-12-11,10,2,3,5,0,2,0.2,-3070,-307,-5995
1,2025-12-12,8,4,1,3,0,4,0.5,994,124.25,-5001
1,2025-12-15,10,5,3,2,0,5,0.5,-70,-7,-5071
1,2025-12-16,10,5,4,1,0,5,0.5,-820,-82,-5891
1,2025-12-17,10,1,3,6,0,1,0.1,-4070,-407,-9961
1,2025-12-18,11,9,1,1,0,9,0.81818182,5148,468,-4813
1,2025-12-19,11,6,1,0,4,9,0.81818182,3535.5,321.40909091,-1277.5
1,2025-12-22,10,1,1,0,8,3,0.3,-1445,-144.5,-2722.5
1,2025-12-23,15,1,7,0,7,6,0.4,-5880,-392,-8602.5
1,2025-12-24,6,0,5,0,1,1,0.16666667,-4717,-786.16666667,-13319.5
1,2025-12-26,6,1,1,0,4,5,0.83333333,558,93,-12761.5
1,2025-12-29,9,4,3,1,1,5,0.55555556,-488,-54.22222222,-13249.5
1,2025-12-30,10,8,0,0,2,10,1,5980,598,-7269.5
1,2025-12-31,6,3,3,0,0,3,0.5,-942,-157,-8211.5
1,2026-01-02,8,5,2,1,0,5,0.625,1244,155.5,-6967.5
1,2026-01-05,10,6,2,1,1,7,0.7,2155,215.5,-4812.5
1,2026-01-06,11,4,3,0,4,7,0.63636364,148,13.45454545,-4664.5
1,2026-01-07,8,3,3,2,0,3,0.375,-1506,-188.25,-6170.5
1,2026-01-08,9,7,1,1,0,7,0.77777778,3712,412.44444444,-2458.5
1,2026-01-09,8,3,3,0,2,5,0.625,69,8.625,-2389.5
1,2026-01-12,8,0,4,1,3,3,0.375,-3831,-478.875,-6220.5
1,2026-01-13,9,1,4,4,0,1,0.11111111,-4538,-504.22222222,-10758.5
1,2026-01-14,5,3,2,0,0,3,0.6,90,18,-10668.5
1,2026-01-15,5,3,1,0,1,4,0.8,1452.5,290.5,-9216
1,2026-01-16,9,2,3,4,0,2,0.22222222,-2788,-309.77777778,-12004
1,2026-01-19,6,1,2,1,2,1,0.16666667,-2067,-344.5,-14071
1,2026-01-20,6,5,1,0,0,5,0.83333333,2558,426.33333333,-11513
1,2026-01-21,7,4,2,1,0,4,0.57142857,526,75.14285714,-10987
1,2026-01-22,10,7,3,0,0,7,0.7,1930,193,-9057
1,2026-01-23,10,6,2,1,1,7,0.7,1980,198,-7077
1,2026-01-26,14,7,3,3,1,8,0.57142857,1602,114.42857143,-5475
1,2026-01-27,11,5,1,0,5,10,0.90909091,4960.5,450.95454545,-514.5
1,2026-01-28,8,4,3,1,0,4,0.5,-506,-63.25,-1020.5
1,2026-01-29,11,4,5,2,0,4,0.36363636,-2852,-259.27272727,-3872.5
1,2026-01-30,10,7,3,0,0,7,0.7,1930,193,-1942.5
1,2026-02-02,7,5,0,1,1,5,0.71428571,2901,414.42857143,958.5
1,2026-02-03,7,2,4,1,0,2,0.28571429,-2974,-424.85714286,-2015.5
1,2026-02-04,6,1,4,1,0,1,0.16666667,-3692,-615.33333333,-5707.5
1,2026-02-05,7,6,1,0,0,6,0.85714286,3276,468,-2431.5
1,2026-02-06,6,1,2,3,0,1,0.16666667,-2192,-365.33333333,-4623.5
1,2026-02-09,8,4,2,1,1,4,0.5,319,39.875,-4304.5
1,2026-02-10,9,4,3,2,0,4,0.44444444,-788,-87.55555556,-5092.5
1,2026-02-11,6,5,1,0,0,5,0.83333333,2558,426.33333333,-2534.5
1,2026-02-12,6,1,3,2,0,1,0.16666667,-2942,-490.33333333,-5476.5
1,2026-02-13,9,7,2,0,0,7,0.77777778,2962,329.11111111,-2514.5
1,2026-02-16,4,2,1,0,1,3,0.75,734.5,183.625,-1780
1,2026-02-17,9,8,0,1,0,8,0.88888889,5462,606.88888889,3682
1,2026-02-18,8,6,1,1,0,6,0.75,2994,374.25,6676
1,2026-02-19,7,5,1,1,0,5,0.71428571,2276,325.14285714,8952
1,2026-02-20,12,6,3,2,1,6,0.5,528.5,44.04166667,9480.5
1,2026-02-23,9,3,5,1,0,3,0.33333333,-3288,-365.33333333,6192.5
1,2026-02-24,8,3,2,2,1,4,0.5,-168.5,-21.0625,6024
1,2026-02-25,12,2,5,1,4,2,0.16666667,-5434,-452.83333333,590
1,2026-02-26,10,5,2,1,2,6,0.6,1617.5,161.75,2207.5
1,2026-02-27,12,9,2,1,0,9,0.75,4116,343,6323.5
1,2026-03-02,9,7,1,1,0,7,0.77777778,3712,412.44444444,10035.5
1,2026-03-03,10,7,2,1,0,7,0.7,2680,268,12715.5
1,2026-03-04,9,6,2,1,0,6,0.66666667,1962,218,14677.5
1,2026-03-05,6,5,1,0,0,5,0.83333333,2558,426.33333333,17235.5
1,2026-03-06,11,5,3,3,0,5,0.45454545,-352,-32,16883.5
1,2026-03-09,6,0,5,1,0,0,0,-5442,-907,11441.5
1,2026-03-10,9,4,4,1,0,4,0.44444444,-1538,-170.88888889,9903.5
1,2026-03-11,10,8,0,2,0,8,0.8,5180,518,15083.5
1,2026-03-12,8,5,2,1,0,5,0.625,1244,155.5,16327.5
1,2026-03-13,11,4,4,2,1,5,0.45454545,-1577,-143.36363636,14750.5
1,2026-03-16,9,5,2,2,0,5,0.55555556,962,106.88888889,15712.5
1,2026-03-17,9,2,2,3,2,3,0.33333333,-1350.5,-150.05555556,14362
1,2026-03-18,7,2,3,2,0,2,0.28571429,-2224,-317.71428571,12138
1,2026-03-19,11,6,4,0,1,6,0.54545455,110.5,10.04545455,12248.5
1,2026-03-20,9,6,0,3,0,6,0.66666667,3462,384.66666667,15710.5
1,2026-03-23,8,3,3,2,0,3,0.375,-1506,-188.25,14204.5
1,2026-03-24,8,4,4,0,0,4,0.5,-1256,-157,12948.5
1,2026-03-25,12,10,1,1,0,10,0.83333333,5866,488.83333333,18814.5
1,2026-03-26,6,0,4,2,0,0,0,-4692,-782,14122.5
1,2026-03-27,6,5,1,0,0,5,0.83333333,2558,426.33333333,16680.5
1,2026-03-30,10,3,3,4,0,3,0.3,-2070,-207,14610.5
1,2026-03-31,8,1,6,1,0,1,0.125,-5756,-719.5,8854.5
1,2026-04-01,10,8,2,0,0,8,0.8,3680,368,12534.5
1,2026-04-02,10,3,4,3,0,3,0.3,-2820,-282,9714.5
1,2026-04-06,10,8,1,0,1,9,0.9,4830,483,14544.5
1,2026-04-07,7,4,3,0,0,4,0.57142857,-224,-32,14320.5
1,2026-04-08,6,3,3,0,0,3,0.5,-942,-157,13378.5
1,2026-04-09,9,3,4,1,1,4,0.44444444,-1775.5,-197.27777778,11603
1,2026-04-10,10,5,2,1,2,7,0.7,1767.5,176.75,13370.5
1,2026-04-13,16,0,10,6,0,0,0,-12012,-750.75,1358.5
1,2026-04-14,8,2,4,1,1,2,0.25,-3206,-400.75,-1847.5
1,2026-04-15,7,2,3,1,1,3,0.42857143,-1899,-271.28571429,-3746.5
1,2026-04-16,8,6,1,1,0,6,0.75,2994,374.25,-752.5
1,2026-04-17,9,6,1,2,0,6,0.66666667,2712,301.33333333,1959.5
1,2026-04-20,8,6,0,1,1,7,0.875,4181.5,522.6875,6141
1,2026-04-21,10,6,4,0,0,6,0.6,180,18,6321
1,2026-04-22,11,6,3,2,0,6,0.54545455,648,58.90909091,6969
1,2026-04-23,6,6,0,0,0,6,1,4308,718,11277
1,2026-04-24,11,0,3,4,4,3,0.27272727,-3614.5,-328.59090909,7662.5
1,2026-04-27,13,3,3,0,7,8,0.61538462,-991,-76.23076923,6671.5
1,2026-04-28,13,5,4,1,3,6,0.46153846,-991,-76.23076923,5680.5
1,2026-04-29,13,10,2,1,0,10,0.76923077,4834,371.84615385,10514.5
1,2026-04-30,9,3,3,2,1,4,0.44444444,-1388,-154.22222222,9126.5
1,2026-05-01,12,8,3,1,0,8,0.66666667,2366,197.16666667,11492.5
1,2026-05-04,9,5,2,1,1,5,0.55555556,937,104.11111111,12429.5
1,2026-05-05,9,2,4,2,1,3,0.33333333,-2963,-329.22222222,9466.5
1,2026-05-06,10,4,3,2,1,4,0.4,-1370,-137,8096.5
1,2026-05-07,12,7,5,0,0,7,0.58333333,-134,-11.16666667,7962.5
1,2026-05-08,10,6,2,2,0,6,0.6,1680,168,9642.5
1,2026-05-11,10,5,2,1,2,7,0.7,1817.5,181.75,11460
1,2026-05-12,11,5,5,1,0,5,0.45454545,-1852,-168.36363636,9608
1,2026-05-13,12,2,7,1,2,4,0.33333333,-5346.5,-445.54166667,4261.5
1,2026-05-14,10,4,2,0,4,8,0.8,1492.5,149.25,5754
1,2026-05-15,10,4,4,2,0,4,0.4,-1820,-182,3934
1,2026-05-18,12,5,4,3,0,5,0.41666667,-1384,-115.33333333,2550
1,2026-05-19,7,5,2,0,0,5,0.71428571,1526,218,4076
1,2026-05-20,10,2,4,2,2,3,0.3,-3132.5,-313.25,943.5
1,2026-05-21,8,5,3,0,0,5,0.625,494,61.75,1437.5
1,2026-05-22,7,4,1,1,1,5,0.71428571,1963.5,280.5,3401
1,2026-05-25,5,2,0,0,3,5,1,3065,613,6466
1,2026-05-26,10,8,2,0,0,8,0.8,3680,368,10146
1,2026-05-27,6,2,1,0,3,4,0.66666667,470.5,78.41666667,10616.5
1,2026-05-28,8,0,5,0,3,0,0,-5743.5,-717.9375,4873
1,2026-05-29,9,6,2,1,0,6,0.66666667,1962,218,6835
1,2026-06-01,10,7,2,0,1,8,0.8,3255,325.5,10090
1,2026-06-02,5,1,1,0,3,1,0.2,-1560,-312,8530
1,2026-06-03,9,2,3,4,0,2,0.22222222,-2788,-309.77777778,5742
1,2026-06-04,9,4,0,5,0,4,0.44444444,1462,162.44444444,7204
1,2026-06-05,8,2,5,1,0,2,0.25,-4006,-500.75,3198
1,2026-06-08,9,7,1,1,0,7,0.77777778,3712,412.44444444,6910
1,2026-06-09,10,7,3,0,0,7,0.7,1930,193,8840
1,2026-06-10,11,3,6,2,0,3,0.27272727,-4602,-418.36363636,4238
1,2026-06-11,12,10,1,1,0,10,0.83333333,5866,488.83333333,10104
1,2026-06-12,11,5,6,0,0,5,0.45454545,-2602,-236.54545455,7502
1,2026-06-15,10,7,3,0,0,7,0.7,1930,193,9432
1,2026-06-16,9,3,4,2,0,3,0.33333333,-2538,-282,6894
1,2026-06-17,9,8,1,0,0,8,0.88888889,4712,523.55555556,11606
1,2026-06-18,8,4,3,1,0,4,0.5,-506,-63.25,11100
1,2026-06-19,3,1,0,0,2,3,1,1904,634.66666667,13004
1,2026-06-22,10,5,2,3,0,5,0.5,680,68,13684
1,2026-06-23,8,4,2,2,0,4,0.5,244,30.5,13928
1,2026-06-24,8,6,0,2,0,6,0.75,3744,468,17672
1,2026-06-25,10,6,2,2,0,6,0.6,1680,168,19352
