schema_version,trade_date,expected_session_timezone,local_timezone,ny_utc_offset_hours,ny_dst_active,expected_session_start_time,expected_local_session_start_time,expected_session_end_time,expected_local_session_end_time,first_bar_time,last_bar_time,first_bar_delay_seconds,last_bar_seconds_before_expected_end,check_time,check_time_rows,first_30m_volume_share,first_60m_volume_share,session_start_5m_volume,session_start_5m_volume_rank,session_start_5m_trades,session_start_5m_trade_rank,top_volume_5m_bin,top_volume_5m_volume,top_trade_5m_bin,top_trade_5m_trades,notes
1,2025-09-15,America/New_York,Europe/Vilnius,-4,true,09:30:00 EDT,16:30:00 EEST,16:15:00 EDT,23:15:00 EEST,09:30:00,16:12:00,0,180,16:30:00,0,0.13154673,0.20819656,23805,3,18299,3,15:55,67962,15:55,36659,first bar aligns with expected New York session start; no rows at check time
1,2025-09-16,America/New_York,Europe/Vilnius,-4,true,09:30:00 EDT,16:30:00 EEST,16:15:00 EDT,23:15:00 EEST,09:30:00,16:12:00,0,180,16:30:00,0,0.16542787,0.27688022,33360,2,24757,2,15:55,78180,15:55,33317,first bar aligns with expected New York session start; no rows at check time
1,2025-09-17,America/New_York,Europe/Vilnius,-4,true,09:30:00 EDT,16:30:00 EEST,16:15:00 EDT,23:15:00 EEST,09:30:00,16:12:00,0,180,16:30:00,0,0.09918483,0.15991907,35001,11,23830,13,15:55,54564,14:35,38090,first bar aligns with expected New York session start; no rows at check time
1,2025-09-18,America/New_York,Europe/Vilnius,-4,true,09:30:00 EDT,16:30:00 EEST,16:15:00 EDT,23:15:00 EEST,09:30:00,16:12:00,0,180,16:30:00,0,0.17152151,0.28440659,45056,2,34282,1,15:55,56804,09:30,34282,first bar aligns with expected New York session start; no rows at check time
1,2025-09-19,America/New_York,Europe/Vilnius,-4,true,09:30:00 EDT,16:30:00 EEST,16:15:00 EDT,23:15:00 EEST,09:30:00,16:12:00,0,180,16:30:00,0,0.14183581,0.21104402,58266,2,41370,1,15:55,99425,09:30,41370,first bar aligns with expected New York session start; no rows at check time
1,2025-09-22,America/New_York,Europe/Vilnius,-4,true,09:30:00 EDT,16:30:00 EEST,16:15:00 EDT,23:15:00 EEST,09:30:00,16:12:00,0,180,16:30:00,0,0.12461238,0.21496437,31958,3,23523,2,15:55,62918,15:55,23903,first bar aligns with expected New York session start; no rows at check time
1,2025-09-23,America/New_York,Europe/Vilnius,-4,true,09:30:00 EDT,16:30:00 EEST,16:15:00 EDT,23:15:00 EEST,09:30:00,16:12:00,0,180,16:30:00,0,0.09768519,0.16980023,28620,5,20450,5,15:55,65876,15:50,29114,first bar aligns with expected New York session start; no rows at check time
1,2025-09-24,America/New_York,Europe/Vilnius,-4,true,09:30:00 EDT,16:30:00 EEST,16:15:00 EDT,23:15:00 EEST,09:30:00,16:12:00,0,180,16:30:00,0,0.12550176,0.19998313,34335,2,23773,2,15:55,64370,15:55,26554,first bar aligns with expected New York session start; no rows at check time
1,2025-09-25,America/New_York,Europe/Vilnius,-4,true,09:30:00 EDT,16:30:00 EEST,16:15:00 EDT,23:15:00 EEST,09:30:00,16:12:00,0,180,16:30:00,0,0.16320316,0.2822537,54025,2,39379,1,15:55,58785,09:30,39379,first bar aligns with expected New York session start; no rows at check time
1,2025-09-26,America/New_York,Europe/Vilnius,-4,true,09:30:00 EDT,16:30:00 EEST,16:15:00 EDT,23:15:00 EEST,09:30:00,16:12:00,0,180,16:30:00,0,0.14073352,0.29131751,41802,2,32088,1,15:55,51067,09:30,32088,first bar aligns with expected New York session start; no rows at check time
1,2025-09-29,America/New_York,Europe/Vilnius,-4,true,09:30:00 EDT,16:30:00 EEST,16:15:00 EDT,23:15:00 EEST,09:30:00,16:12:00,0,180,16:30:00,0,0.13334119,0.22637118,36047,2,27588,1,15:55,65317,09:30,27588,first bar aligns with expected New York session start; no rows at check time
1,2025-09-30,America/New_York,Europe/Vilnius,-4,true,09:30:00 EDT,16:30:00 EEST,16:15:00 EDT,23:15:00 EEST,09:30:00,16:12:00,0,180,16:30:00,0,0.09128678,0.17204229,31130,5,24314,4,15:55,123610,15:55,47440,first bar aligns with expected New York session start; no rows at check time
1,2025-10-01,America/New_York,Europe/Vilnius,-4,true,09:30:00 EDT,16:30:00 EEST,16:15:00 EDT,23:15:00 EEST,09:30:00,16:12:00,0,180,16:30:00,0,0.16538537,0.25614041,52105,2,39331,1,15:55,75683,09:30,39331,first bar aligns with expected New York session start; no rows at check time
1,2025-10-02,America/New_York,Europe/Vilnius,-4,true,09:30:00 EDT,16:30:00 EEST,16:15:00 EDT,23:15:00 EEST,09:30:00,16:12:00,0,180,16:30:00,0,0.14833978,0.24839748,35332,2,26891,1,15:55,66416,09:30,26891,first bar aligns with expected New York session start; no rows at check time
1,2025-10-03,America/New_York,Europe/Vilnius,-4,true,09:30:00 EDT,16:30:00 EEST,16:15:00 EDT,23:15:00 EEST,09:30:00,16:12:00,0,180,16:30:00,0,0.09161022,0.17334792,31197,6,24523,4,15:55,74981,13:00,34756,first bar aligns with expected New York session start; no rows at check time
1,2025-10-06,America/New_York,Europe/Vilnius,-4,true,09:30:00 EDT,16:30:00 EEST,16:15:00 EDT,23:15:00 EEST,09:30:00,16:12:00,0,180,16:30:00,0,0.15601388,0.2645491,36261,2,28239,1,15:55,54985,09:30,28239,first bar aligns with expected New York session start; no rows at check time
1,2025-10-07,America/New_York,Europe/Vilnius,-4,true,09:30:00 EDT,16:30:00 EEST,16:15:00 EDT,23:15:00 EEST,09:30:00,16:12:00,0,180,16:30:00,0,0.0877705,0.15656838,36884,4,27160,4,11:05,67383,11:05,51848,first bar aligns with expected New York session start; no rows at check time
1,2025-10-08,America/New_York,Europe/Vilnius,-4,true,09:30:00 EDT,16:30:00 EEST,16:15:00 EDT,23:15:00 EEST,09:30:00,16:12:00,0,180,16:30:00,0,0.14003931,0.26695982,36291,2,26876,1,15:55,54973,09:30,26876,first bar aligns with expected New York session start; no rows at check time
1,2025-10-09,America/New_York,Europe/Vilnius,-4,true,09:30:00 EDT,16:30:00 EEST,16:15:00 EDT,23:15:00 EEST,09:30:00,16:12:00,0,180,16:30:00,0,0.11974761,0.21017675,35746,2,25794,2,15:55,69460,15:55,29603,first bar aligns with expected New York session start; no rows at check time
1,2025-10-10,America/New_York,Europe/Vilnius,-4,true,09:30:00 EDT,16:30:00 EEST,16:15:00 EDT,23:15:00 EEST,09:30:00,16:12:00,0,180,16:30:00,0,0.0692796,0.12159923,36487,17,27125,17,11:00,108061,11:00,73643,first bar aligns with expected New York session start; no rows at check time
1,2025-10-13,America/New_York,Europe/Vilnius,-4,true,09:30:00 EDT,16:30:00 EEST,16:15:00 EDT,23:15:00 EEST,09:30:00,16:12:00,0,180,16:30:00,0,0.15977525,0.29017195,54964,2,45442,1,15:55,59878,09:30,45442,first bar aligns with expected New York session start; no rows at check time
1,2025-10-14,America/New_York,Europe/Vilnius,-4,true,09:30:00 EDT,16:30:00 EEST,16:15:00 EDT,23:15:00 EEST,09:30:00,16:12:00,0,180,16:30:00,0,0.15057942,0.24403438,56371,4,46829,2,15:35,108777,15:35,77576,first bar aligns with expected New York session start; no rows at check time
1,2025-10-15,America/New_York,Europe/Vilnius,-4,true,09:30:00 EDT,16:30:00 EEST,16:15:00 EDT,23:15:00 EEST,09:30:00,16:12:00,0,180,16:30:00,0,0.1098432,0.18583081,42405,6,33719,6,15:55,94371,15:55,47249,first bar aligns with expected New York session start; no rows at check time
1,2025-10-16,America/New_York,Europe/Vilnius,-4,true,09:30:00 EDT,16:30:00 EEST,16:15:00 EDT,23:15:00 EEST,09:30:00,16:12:00,0,180,16:30:00,0,0.07689235,0.15077058,33384,14,26925,14,12:30,69012,12:30,55217,first bar aligns with expected New York session start; no rows at check time
1,2025-10-17,America/New_York,Europe/Vilnius,-4,true,09:30:00 EDT,16:30:00 EEST,16:15:00 EDT,23:15:00 EEST,09:30:00,16:12:00,0,180,16:30:00,0,0.14420445,0.26241161,59222,2,47364,1,15:55,60469,09:30,47364,first bar aligns with expected New York session start; no rows at check time
1,2025-10-20,America/New_York,Europe/Vilnius,-4,true,09:30:00 EDT,16:30:00 EEST,16:15:00 EDT,23:15:00 EEST,09:30:00,16:12:00,0,180,16:30:00,0,0.14577936,0.24629305,46000,2,34698,1,15:55,61597,09:30,34698,first bar aligns with expected New York session start; no rows at check time
1,2025-10-21,America/New_York,Europe/Vilnius,-4,true,09:30:00 EDT,16:30:00 EEST,16:15:00 EDT,23:15:00 EEST,09:30:00,16:12:00,0,180,16:30:00,0,0.11705325,0.23694927,31358,3,24395,2,15:55,42753,12:50,29446,first bar aligns with expected New York session start; no rows at check time
1,2025-10-22,America/New_York,Europe/Vilnius,-4,true,09:30:00 EDT,16:30:00 EEST,16:15:00 EDT,23:15:00 EEST,09:30:00,16:12:00,0,180,16:30:00,0,0.07553249,0.15319622,40880,6,31530,5,12:30,93634,12:30,72791,first bar aligns with expected New York session start; no rows at check time
1,2025-10-23,America/New_York,Europe/Vilnius,-4,true,09:30:00 EDT,16:30:00 EEST,16:15:00 EDT,23:15:00 EEST,09:30:00,16:12:00,0,180,16:30:00,0,0.12905835,0.25210285,32613,5,26281,4,13:05,48937,13:05,35570,first bar aligns with expected New York session start; no rows at check time
1,2025-10-24,America/New_York,Europe/Vilnius,-4,true,09:30:00 EDT,16:30:00 EEST,16:15:00 EDT,23:15:00 EEST,09:30:00,16:12:00,0,180,16:30:00,0,0.16613946,0.26870943,41747,2,32434,2,15:55,75432,15:55,32631,first bar aligns with expected New York session start; no rows at check time
1,2025-10-27,America/New_York,Europe/Vilnius,-4,true,09:30:00 EDT,15:30:00 EET,16:15:00 EDT,22:15:00 EET,09:30:00,16:12:00,0,180,16:30:00,0,0.12877675,0.24767557,38720,3,28963,2,15:55,71036,15:55,29879,first bar aligns with expected New York session start; no rows at check time
1,2025-10-28,America/New_York,Europe/Vilnius,-4,true,09:30:00 EDT,15:30:00 EET,16:15:00 EDT,22:15:00 EET,09:30:00,16:12:00,0,180,16:30:00,0,0.13954573,0.20657718,37619,3,28298,2,15:55,54527,12:30,36660,first bar aligns with expected New York session start; no rows at check time
1,2025-10-29,America/New_York,Europe/Vilnius,-4,true,09:30:00 EDT,15:30:00 EET,16:15:00 EDT,22:15:00 EET,09:30:00,16:12:00,0,180,16:30:00,0,0.07969767,0.14434093,31312,9,23465,10,14:35,103837,14:35,79317,first bar aligns with expected New York session start; no rows at check time
1,2025-10-30,America/New_York,Europe/Vilnius,-4,true,09:30:00 EDT,15:30:00 EET,16:15:00 EDT,22:15:00 EET,09:30:00,16:12:00,0,180,16:30:00,0,0.15384449,0.26584977,46762,3,37820,2,15:55,70825,09:35,39734,first bar aligns with expected New York session start; no rows at check time
1,2025-10-31,America/New_York,Europe/Vilnius,-4,true,09:30:00 EDT,15:30:00 EET,16:15:00 EDT,22:15:00 EET,09:30:00,16:12:00,0,180,16:30:00,0,0.10573422,0.18580393,41393,5,31710,4,15:55,121405,15:55,56327,first bar aligns with expected New York session start; no rows at check time
1,2025-11-03,America/New_York,Europe/Vilnius,-5,false,09:30:00 EST,16:30:00 EET,16:15:00 EST,23:15:00 EET,09:30:00,16:12:00,0,180,16:30:00,0,0.13112657,0.26004127,36704,2,29296,1,15:55,57095,09:30,29296,first bar aligns with expected New York session start; no rows at check time
1,2025-11-04,America/New_York,Europe/Vilnius,-5,false,09:30:00 EST,16:30:00 EET,16:15:00 EST,23:15:00 EET,09:30:00,16:12:00,0,180,16:30:00,0,0.1529976,0.2396578,56316,2,46063,1,15:55,66450,09:30,46063,first bar aligns with expected New York session start; no rows at check time
1,2025-11-05,America/New_York,Europe/Vilnius,-5,false,09:30:00 EST,16:30:00 EET,16:15:00 EST,23:15:00 EET,09:30:00,16:12:00,0,180,16:30:00,0,0.13795364,0.27155377,39819,3,31219,2,15:55,77151,15:55,39302,first bar aligns with expected New York session start; no rows at check time
1,2025-11-06,America/New_York,Europe/Vilnius,-5,false,09:30:00 EST,16:30:00 EET,16:15:00 EST,23:15:00 EET,09:30:00,16:12:00,0,180,16:30:00,0,0.11995212,0.23889513,40392,4,32751,4,15:55,72467,10:00,43360,first bar aligns with expected New York session start; no rows at check time
1,2025-11-07,America/New_York,Europe/Vilnius,-5,false,09:30:00 EST,16:30:00 EET,16:15:00 EST,23:15:00 EET,09:30:00,16:12:00,0,180,16:30:00,0,0.1264375,0.23550111,50384,3,39922,3,15:55,71162,09:35,43945,first bar aligns with expected New York session start; no rows at check time
1,2025-11-10,America/New_York,Europe/Vilnius,-5,false,09:30:00 EST,16:30:00 EET,16:15:00 EST,23:15:00 EET,09:30:00,16:12:00,0,180,16:30:00,0,0.13314684,0.21851885,48194,2,35974,2,15:55,82246,15:55,36252,first bar aligns with expected New York session start; no rows at check time
1,2025-11-11,America/New_York,Europe/Vilnius,-5,false,09:30:00 EST,16:30:00 EET,16:15:00 EST,23:15:00 EET,09:30:00,16:12:00,0,180,16:30:00,0,0.10585011,0.20973642,30815,3,25000,1,15:55,49744,09:30,25000,first bar aligns with expected New York session start; no rows at check time
1,2025-11-12,America/New_York,Europe/Vilnius,-5,false,09:30:00 EST,16:30:00 EET,16:15:00 EST,23:15:00 EET,09:30:00,16:12:00,0,180,16:30:00,0,0.11381804,0.19933377,34347,3,28050,1,15:55,51178,09:30,28050,first bar aligns with expected New York session start; no rows at check time
1,2025-11-13,America/New_York,Europe/Vilnius,-5,false,09:30:00 EST,16:30:00 EET,16:15:00 EST,23:15:00 EET,09:30:00,16:12:00,0,180,16:30:00,0,0.10464668,0.18775663,41032,3,34509,3,15:55,72081,15:55,38381,first bar aligns with expected New York session start; no rows at check time
1,2025-11-14,America/New_York,Europe/Vilnius,-5,false,09:30:00 EST,16:30:00 EET,16:15:00 EST,23:15:00 EET,09:30:00,16:12:00,0,180,16:30:00,0,0.15979565,0.2859702,63157,1,52661,1,09:30,63157,09:30,52661,first bar aligns with expected New York session start; no rows at check time
1,2025-11-17,America/New_York,Europe/Vilnius,-5,false,09:30:00 EST,16:30:00 EET,16:15:00 EST,23:15:00 EET,09:30:00,16:12:00,0,180,16:30:00,0,0.10040475,0.1831549,49842,2,41409,1,15:55,69322,09:30,41409,first bar aligns with expected New York session start; no rows at check time
1,2025-11-18,America/New_York,Europe/Vilnius,-5,false,09:30:00 EST,16:30:00 EET,16:15:00 EST,23:15:00 EET,09:30:00,16:12:00,0,180,16:30:00,0,0.12235015,0.25312287,63969,3,54643,2,15:55,74692,10:00,57441,first bar aligns with expected New York session start; no rows at check time
1,2025-11-19,America/New_York,Europe/Vilnius,-5,false,09:30:00 EST,16:30:00 EET,16:15:00 EST,23:15:00 EET,09:30:00,16:12:00,0,180,16:30:00,0,0.11901334,0.21967735,64532,1,49300,1,09:30,64532,09:30,49300,first bar aligns with expected New York session start; no rows at check time
1,2025-11-20,America/New_York,Europe/Vilnius,-5,false,09:30:00 EST,16:30:00 EET,16:15:00 EST,23:15:00 EET,09:30:00,16:12:00,0,180,16:30:00,0,0.07991485,0.14081066,58396,7,46498,7,15:55,74835,12:00,56848,first bar aligns with expected New York session start; no rows at check time
1,2025-11-21,America/New_York,Europe/Vilnius,-5,false,09:30:00 EST,16:30:00 EET,16:15:00 EST,23:15:00 EET,09:30:00,16:12:00,0,180,16:30:00,0,0.10598043,0.21712187,60273,2,50905,1,15:55,75560,09:30,50905,first bar aligns with expected New York session start; no rows at check time
1,2025-11-24,America/New_York,Europe/Vilnius,-5,false,09:30:00 EST,16:30:00 EET,16:15:00 EST,23:15:00 EET,09:30:00,16:12:00,0,180,16:30:00,0,0.1573339,0.28077556,55172,2,45936,2,15:55,100078,15:55,53121,first bar aligns with expected New York session start; no rows at check time
1,2025-11-25,America/New_York,Europe/Vilnius,-5,false,09:30:00 EST,16:30:00 EET,16:15:00 EST,23:15:00 EET,09:30:00,16:12:00,0,180,16:30:00,0,0.16246299,0.28842183,40869,5,34661,4,15:55,62928,09:45,49719,first bar aligns with expected New York session start; no rows at check time
1,2025-11-26,America/New_York,Europe/Vilnius,-5,false,09:30:00 EST,16:30:00 EET,16:15:00 EST,23:15:00 EET,09:30:00,16:12:00,0,180,16:30:00,0,0.14109979,0.25335395,46388,2,36827,1,15:55,66904,09:30,36827,first bar aligns with expected New York session start; no rows at check time
1,2025-11-27,America/New_York,Europe/Vilnius,-5,false,09:30:00 EST,16:30:00 EET,16:15:00 EST,23:15:00 EET,09:30:00,12:57:00,0,11880,16:30:00,0,0.22066029,0.39053986,1393,1,1275,1,09:30,1393,09:30,1275,first bar aligns with expected New York session start; no rows at check time
1,2025-11-28,America/New_York,Europe/Vilnius,-5,false,09:30:00 EST,16:30:00 EET,16:15:00 EST,23:15:00 EET,09:30:00,13:12:00,0,10980,16:30:00,0,0.10037965,0.1754869,9195,5,7023,5,12:55,49060,12:55,25333,first bar aligns with expected New York session start; no rows at check time
1,2025-12-01,America/New_York,Europe/Vilnius,-5,false,09:30:00 EST,16:30:00 EET,16:15:00 EST,23:15:00 EET,09:30:00,16:12:00,0,180,16:30:00,0,0.15049518,0.25009027,45686,2,36715,2,15:55,81640,15:55,41574,first bar aligns with expected New York session start; no rows at check time
1,2025-12-02,America/New_York,Europe/Vilnius,-5,false,09:30:00 EST,16:30:00 EET,16:15:00 EST,23:15:00 EET,09:30:00,16:12:00,0,180,16:30:00,0,0.10847438,0.19527056,32803,6,26016,6,15:55,50972,11:20,31883,first bar aligns with expected New York session start; no rows at check time
1,2025-12-03,America/New_York,Europe/Vilnius,-5,false,09:30:00 EST,16:30:00 EET,16:15:00 EST,23:15:00 EET,09:30:00,16:12:00,0,180,16:30:00,0,0.13879076,0.25298099,44925,2,37118,1,15:55,64559,09:30,37118,first bar aligns with expected New York session start; no rows at check time
1,2025-12-04,America/New_York,Europe/Vilnius,-5,false,09:30:00 EST,16:30:00 EET,16:15:00 EST,23:15:00 EET,09:30:00,16:12:00,0,180,16:30:00,0,0.14892734,0.23721962,51156,2,38280,1,15:55,54824,09:30,38280,first bar aligns with expected New York session start; no rows at check time
1,2025-12-05,America/New_York,Europe/Vilnius,-5,false,09:30:00 EST,16:30:00 EET,16:15:00 EST,23:15:00 EET,09:30:00,16:12:00,0,180,16:30:00,0,0.12410439,0.21935884,45112,2,33446,1,15:55,54172,09:30,33446,first bar aligns with expected New York session start; no rows at check time
1,2025-12-08,America/New_York,Europe/Vilnius,-5,false,09:30:00 EST,16:30:00 EET,16:15:00 EST,23:15:00 EET,09:30:00,16:12:00,0,180,16:30:00,0,0.12503379,0.21582841,36637,2,27647,2,15:55,59254,15:55,30307,first bar aligns with expected New York session start; no rows at check time
1,2025-12-09,America/New_York,Europe/Vilnius,-5,false,09:30:00 EST,16:30:00 EET,16:15:00 EST,23:15:00 EET,09:30:00,16:12:00,0,180,16:30:00,0,0.15027653,0.24934784,37043,2,29107,1,15:55,39011,09:30,29107,first bar aligns with expected New York session start; no rows at check time
1,2025-12-10,America/New_York,Europe/Vilnius,-5,false,09:30:00 EST,16:30:00 EET,16:15:00 EST,23:15:00 EET,09:30:00,16:12:00,0,180,16:30:00,0,0.10691036,0.16087174,30695,7,23307,7,15:55,67247,14:35,38333,first bar aligns with expected New York session start; no rows at check time
1,2025-12-11,America/New_York,Europe/Vilnius,-5,false,09:30:00 EST,16:30:00 EET,16:15:00 EST,23:15:00 EET,09:30:00,16:12:00,0,180,16:30:00,0,0.17792536,0.3069075,47734,4,36721,3,09:50,52613,09:50,39961,first bar aligns with expected New York session start; no rows at check time
1,2025-12-12,America/New_York,Europe/Vilnius,-5,false,09:30:00 EST,16:30:00 EET,16:15:00 EST,23:15:00 EET,09:30:00,16:12:00,0,180,16:30:00,0,0.08505045,0.18941076,44823,5,34104,4,15:55,71805,11:00,49668,first bar aligns with expected New York session start; no rows at check time
1,2025-12-15,America/New_York,Europe/Vilnius,-5,false,09:30:00 EST,16:30:00 EET,16:15:00 EST,23:15:00 EET,09:30:00,16:12:00,0,180,16:30:00,0,0.13477179,0.26958027,30650,2,23741,2,15:55,50105,15:55,27618,first bar aligns with expected New York session start; no rows at check time
1,2025-12-16,America/New_York,Europe/Vilnius,-5,false,09:30:00 EST,16:30:00 EET,16:15:00 EST,23:15:00 EET,09:30:00,16:12:00,0,180,16:30:00,0,0.13330037,0.25982884,51348,2,42157,1,15:55,57394,09:30,42157,first bar aligns with expected New York session start; no rows at check time
1,2025-12-17,America/New_York,Europe/Vilnius,-5,false,09:30:00 EST,16:30:00 EET,16:15:00 EST,23:15:00 EET,09:30:00,16:12:00,0,180,16:30:00,0,0.12386279,0.20042364,38528,6,31097,4,15:55,74080,15:55,36370,first bar aligns with expected New York session start; no rows at check time
1,2025-12-18,America/New_York,Europe/Vilnius,-5,false,09:30:00 EST,16:30:00 EET,16:15:00 EST,23:15:00 EET,09:30:00,16:12:00,0,180,16:30:00,0,0.12298353,0.21685492,61454,2,45190,1,15:55,78402,09:30,45190,first bar aligns with expected New York session start; no rows at check time
1,2025-12-19,America/New_York,Europe/Vilnius,-5,false,09:30:00 EST,16:30:00 EET,16:15:00 EST,23:15:00 EET,09:30:00,16:12:00,0,180,16:30:00,0,0.18046015,0.29184774,59249,2,42056,1,15:55,99145,09:30,42056,first bar aligns with expected New York session start; no rows at check time
1,2025-12-22,America/New_York,Europe/Vilnius,-5,false,09:30:00 EST,16:30:00 EET,16:15:00 EST,23:15:00 EET,09:30:00,16:12:00,0,180,16:30:00,0,0.15956067,0.2603132,40735,2,31225,1,15:55,59358,09:30,31225,first bar aligns with expected New York session start; no rows at check time
1,2025-12-23,America/New_York,Europe/Vilnius,-5,false,09:30:00 EST,16:30:00 EET,16:15:00 EST,23:15:00 EET,09:30:00,16:12:00,0,180,16:30:00,0,0.1651148,0.29318248,41228,2,31282,1,15:55,54885,09:30,31282,first bar aligns with expected New York session start; no rows at check time
1,2025-12-24,America/New_York,Europe/Vilnius,-5,false,09:30:00 EST,16:30:00 EET,16:15:00 EST,23:15:00 EET,09:30:00,13:12:00,0,10980,16:30:00,0,0.17035942,0.29037365,22287,2,16722,1,12:55,31291,09:30,16722,first bar aligns with expected New York session start; no rows at check time
1,2025-12-26,America/New_York,Europe/Vilnius,-5,false,09:30:00 EST,16:30:00 EET,16:15:00 EST,23:15:00 EET,09:30:00,16:12:00,0,180,16:30:00,0,0.16084188,0.28526854,25045,2,19994,1,15:55,36492,09:30,19994,first bar aligns with expected New York session start; no rows at check time
1,2025-12-29,America/New_York,Europe/Vilnius,-5,false,09:30:00 EST,16:30:00 EET,16:15:00 EST,23:15:00 EET,09:30:00,16:12:00,0,180,16:30:00,0,0.17985419,0.28412489,32383,3,24382,1,15:55,40937,09:30,24382,first bar aligns with expected New York session start; no rows at check time
1,2025-12-30,America/New_York,Europe/Vilnius,-5,false,09:30:00 EST,16:30:00 EET,16:15:00 EST,23:15:00 EET,09:30:00,16:12:00,0,180,16:30:00,0,0.1548591,0.27363702,25690,3,19870,2,15:55,53721,15:55,21514,first bar aligns with expected New York session start; no rows at check time
1,2025-12-31,America/New_York,Europe/Vilnius,-5,false,09:30:00 EST,16:30:00 EET,16:15:00 EST,23:15:00 EET,09:30:00,16:12:00,0,180,16:30:00,0,0.12243139,0.19757073,24374,4,18643,3,15:55,94608,15:55,38860,first bar aligns with expected New York session start; no rows at check time
1,2026-01-02,America/New_York,Europe/Vilnius,-5,false,09:30:00 EST,16:30:00 EET,16:15:00 EST,23:15:00 EET,09:30:00,16:12:00,0,180,16:30:00,0,0.1184119,0.250474,48537,2,35315,1,15:55,66203,09:30,35315,first bar aligns with expected New York session start; no rows at check time
1,2026-01-05,America/New_York,Europe/Vilnius,-5,false,09:30:00 EST,16:30:00 EET,16:15:00 EST,23:15:00 EET,09:30:00,16:12:00,0,180,16:30:00,0,0.19188141,0.30302561,62833,2,45296,1,15:55,98732,09:30,45296,first bar aligns with expected New York session start; no rows at check time
1,2026-01-06,America/New_York,Europe/Vilnius,-5,false,09:30:00 EST,16:30:00 EET,16:15:00 EST,23:15:00 EET,09:30:00,16:12:00,0,180,16:30:00,0,0.15153231,0.25472327,39669,2,29925,1,15:55,67701,09:30,29925,first bar aligns with expected New York session start; no rows at check time
1,2026-01-07,America/New_York,Europe/Vilnius,-5,false,09:30:00 EST,16:30:00 EET,16:15:00 EST,23:15:00 EET,09:30:00,16:12:00,0,180,16:30:00,0,0.1097017,0.20988749,35059,3,26384,2,15:55,56503,10:35,33746,first bar aligns with expected New York session start; no rows at check time
1,2026-01-08,America/New_York,Europe/Vilnius,-5,false,09:30:00 EST,16:30:00 EET,16:15:00 EST,23:15:00 EET,09:30:00,16:12:00,0,180,16:30:00,0,0.16734689,0.28427157,43453,2,33441,1,15:55,49978,09:30,33441,first bar aligns with expected New York session start; no rows at check time
1,2026-01-09,America/New_York,Europe/Vilnius,-5,false,09:30:00 EST,16:30:00 EET,16:15:00 EST,23:15:00 EET,09:30:00,16:12:00,0,180,16:30:00,0,0.12759617,0.28079775,33582,6,26831,4,15:55,72481,10:05,33082,first bar aligns with expected New York session start; no rows at check time
1,2026-01-12,America/New_York,Europe/Vilnius,-5,false,09:30:00 EST,16:30:00 EET,16:15:00 EST,23:15:00 EET,09:30:00,16:12:00,0,180,16:30:00,0,0.20614342,0.33683203,44638,2,32574,1,15:55,49411,09:30,32574,first bar aligns with expected New York session start; no rows at check time
1,2026-01-13,America/New_York,Europe/Vilnius,-5,false,09:30:00 EST,16:30:00 EET,16:15:00 EST,23:15:00 EET,09:30:00,16:12:00,0,180,16:30:00,0,0.1319863,0.2566127,34612,5,27951,2,15:55,53097,10:00,29298,first bar aligns with expected New York session start; no rows at check time
1,2026-01-14,America/New_York,Europe/Vilnius,-5,false,09:30:00 EST,16:30:00 EET,16:15:00 EST,23:15:00 EET,09:30:00,16:12:00,0,180,16:30:00,0,0.12921988,0.25015851,53421,2,41873,1,15:55,77568,09:30,41873,first bar aligns with expected New York session start; no rows at check time
1,2026-01-15,America/New_York,Europe/Vilnius,-5,false,09:30:00 EST,16:30:00 EET,16:15:00 EST,23:15:00 EET,09:30:00,16:12:00,0,180,16:30:00,0,0.15792686,0.24860202,51577,2,38452,1,15:55,52769,09:30,38452,first bar aligns with expected New York session start; no rows at check time
1,2026-01-16,America/New_York,Europe/Vilnius,-5,false,09:30:00 EST,16:30:00 EET,16:15:00 EST,23:15:00 EET,09:30:00,16:12:00,0,180,16:30:00,0,0.14085101,0.25650721,49825,2,35725,1,15:55,61117,09:30,35725,first bar aligns with expected New York session start; no rows at check time
1,2026-01-19,America/New_York,Europe/Vilnius,-5,false,09:30:00 EST,16:30:00 EET,16:15:00 EST,23:15:00 EET,09:30:00,12:57:00,0,11880,16:30:00,0,0.254647,0.42228641,6026,1,4635,1,09:30,6026,09:30,4635,first bar aligns with expected New York session start; no rows at check time
1,2026-01-20,America/New_York,Europe/Vilnius,-5,false,09:30:00 EST,16:30:00 EET,16:15:00 EST,23:15:00 EET,09:30:00,16:12:00,0,180,16:30:00,0,0.14582434,0.24319605,71163,2,58001,1,15:55,89116,09:30,58001,first bar aligns with expected New York session start; no rows at check time
1,2026-01-21,America/New_York,Europe/Vilnius,-5,false,09:30:00 EST,16:30:00 EET,16:15:00 EST,23:15:00 EET,09:30:00,16:12:00,0,180,16:30:00,0,0.09600053,0.17207243,43557,6,35641,5,15:55,76836,14:30,44195,first bar aligns with expected New York session start; no rows at check time
1,2026-01-22,America/New_York,Europe/Vilnius,-5,false,09:30:00 EST,16:30:00 EET,16:15:00 EST,23:15:00 EET,09:30:00,16:12:00,0,180,16:30:00,0,0.16840205,0.29226347,43343,2,34179,1,15:55,67478,09:30,34179,first bar aligns with expected New York session start; no rows at check time
1,2026-01-23,America/New_York,Europe/Vilnius,-5,false,09:30:00 EST,16:30:00 EET,16:15:00 EST,23:15:00 EET,09:30:00,16:12:00,0,180,16:30:00,0,0.12112258,0.22969296,36379,2,29806,1,15:55,62018,09:30,29806,first bar aligns with expected New York session start; no rows at check time
1,2026-01-26,America/New_York,Europe/Vilnius,-5,false,09:30:00 EST,16:30:00 EET,16:15:00 EST,23:15:00 EET,09:30:00,16:12:00,0,180,16:30:00,0,0.16060264,0.27077098,39238,2,30230,1,15:55,61279,09:30,30230,first bar aligns with expected New York session start; no rows at check time
1,2026-01-27,America/New_York,Europe/Vilnius,-5,false,09:30:00 EST,16:30:00 EET,16:15:00 EST,23:15:00 EET,09:30:00,16:12:00,0,180,16:30:00,0,0.15617325,0.26802029,35964,2,28085,1,15:55,64496,09:30,28085,first bar aligns with expected New York session start; no rows at check time
1,2026-01-28,America/New_York,Europe/Vilnius,-5,false,09:30:00 EST,16:30:00 EET,16:15:00 EST,23:15:00 EET,09:30:00,16:12:00,0,180,16:30:00,0,0.11644993,0.21714076,33972,3,28051,1,15:55,54038,09:30,28051,first bar aligns with expected New York session start; no rows at check time
1,2026-01-29,America/New_York,Europe/Vilnius,-5,false,09:30:00 EST,16:30:00 EET,16:15:00 EST,23:15:00 EET,09:30:00,16:12:00,0,180,16:30:00,0,0.13188104,0.27430465,51103,4,39488,3,15:55,77997,10:00,47995,first bar aligns with expected New York session start; no rows at check time
1,2026-01-30,America/New_York,Europe/Vilnius,-5,false,09:30:00 EST,16:30:00 EET,16:15:00 EST,23:15:00 EET,09:30:00,16:12:00,0,180,16:30:00,0,0.10058051,0.18324919,52775,2,43763,2,15:55,119848,15:55,56607,first bar aligns with expected New York session start; no rows at check time
1,2026-02-02,America/New_York,Europe/Vilnius,-5,false,09:30:00 EST,16:30:00 EET,16:15:00 EST,23:15:00 EET,09:30:00,16:12:00,0,180,16:30:00,0,0.18126513,0.31091636,60429,1,50537,1,09:30,60429,09:30,50537,first bar aligns with expected New York session start; no rows at check time
1,2026-02-03,America/New_York,Europe/Vilnius,-5,false,09:30:00 EST,16:30:00 EET,16:15:00 EST,23:15:00 EET,09:30:00,16:12:00,0,180,16:30:00,0,0.1036344,0.22588274,42505,3,33136,3,15:55,65319,10:00,45369,first bar aligns with expected New York session start; no rows at check time
1,2026-02-04,America/New_York,Europe/Vilnius,-5,false,09:30:00 EST,16:30:00 EET,16:15:00 EST,23:15:00 EET,09:30:00,16:12:00,0,180,16:30:00,0,0.11100209,0.2291757,57029,1,47755,1,09:30,57029,09:30,47755,first bar aligns with expected New York session start; no rows at check time
1,2026-02-05,America/New_York,Europe/Vilnius,-5,false,09:30:00 EST,16:30:00 EET,16:15:00 EST,23:15:00 EET,09:30:00,16:12:00,0,180,16:30:00,0,0.1591405,0.3037177,79059,1,68126,1,09:30,79059,09:30,68126,first bar aligns with expected New York session start; no rows at check time
1,2026-02-06,America/New_York,Europe/Vilnius,-5,false,09:30:00 EST,16:30:00 EET,16:15:00 EST,23:15:00 EET,09:30:00,16:12:00,0,180,16:30:00,0,0.18413464,0.32523132,66784,2,54536,1,15:55,80476,09:30,54536,first bar aligns with expected New York session start; no rows at check time
1,2026-02-09,America/New_York,Europe/Vilnius,-5,false,09:30:00 EST,16:30:00 EET,16:15:00 EST,23:15:00 EET,09:30:00,16:12:00,0,180,16:30:00,0,0.19161487,0.30272183,54410,2,46859,1,15:55,56288,09:30,46859,first bar aligns with expected New York session start; no rows at check time
1,2026-02-10,America/New_York,Europe/Vilnius,-5,false,09:30:00 EST,16:30:00 EET,16:15:00 EST,23:15:00 EET,09:30:00,16:12:00,0,180,16:30:00,0,0.14966554,0.25901866,37800,2,30269,2,15:55,71740,15:55,35939,first bar aligns with expected New York session start; no rows at check time
1,2026-02-11,America/New_York,Europe/Vilnius,-5,false,09:30:00 EST,16:30:00 EET,16:15:00 EST,23:15:00 EET,09:30:00,16:12:00,0,180,16:30:00,0,0.14064847,0.30341358,48065,2,37461,1,15:55,58665,09:30,37461,first bar aligns with expected New York session start; no rows at check time
1,2026-02-12,America/New_York,Europe/Vilnius,-5,false,09:30:00 EST,16:30:00 EET,16:15:00 EST,23:15:00 EET,09:30:00,16:12:00,0,180,16:30:00,0,0.09592662,0.16054318,43326,8,33346,9,15:55,76460,11:30,46728,first bar aligns with expected New York session start; no rows at check time
1,2026-02-13,America/New_York,Europe/Vilnius,-5,false,09:30:00 EST,16:30:00 EET,16:15:00 EST,23:15:00 EET,09:30:00,16:12:00,0,180,16:30:00,0,0.20925559,0.34282124,65686,2,55860,2,09:45,69276,09:45,56386,first bar aligns with expected New York session start; no rows at check time
1,2026-02-16,America/New_York,Europe/Vilnius,-5,false,09:30:00 EST,16:30:00 EET,16:15:00 EST,23:15:00 EET,09:30:00,12:57:00,0,11880,16:30:00,0,0.28076382,0.41118596,5485,1,4904,1,09:30,5485,09:30,4904,first bar aligns with expected New York session start; no rows at check time
1,2026-02-17,America/New_York,Europe/Vilnius,-5,false,09:30:00 EST,16:30:00 EET,16:15:00 EST,23:15:00 EET,09:30:00,16:12:00,0,180,16:30:00,0,0.157124,0.2728962,57338,2,48277,1,15:55,61773,09:30,48277,first bar aligns with expected New York session start; no rows at check time
1,2026-02-18,America/New_York,Europe/Vilnius,-5,false,09:30:00 EST,16:30:00 EET,16:15:00 EST,23:15:00 EET,09:30:00,16:12:00,0,180,16:30:00,0,0.172956,0.29232944,60721,1,47012,1,09:30,60721,09:30,47012,first bar aligns with expected New York session start; no rows at check time
1,2026-02-19,America/New_York,Europe/Vilnius,-5,false,09:30:00 EST,16:30:00 EET,16:15:00 EST,23:15:00 EET,09:30:00,16:12:00,0,180,16:30:00,0,0.16504061,0.28304547,42720,2,36452,1,15:55,45045,09:30,36452,first bar aligns with expected New York session start; no rows at check time
1,2026-02-20,America/New_York,Europe/Vilnius,-5,false,09:30:00 EST,16:30:00 EET,16:15:00 EST,23:15:00 EET,09:30:00,16:12:00,0,180,16:30:00,0,0.10907071,0.26778801,49542,3,39862,3,10:00,81744,10:00,62172,first bar aligns with expected New York session start; no rows at check time
1,2026-02-23,America/New_York,Europe/Vilnius,-5,false,09:30:00 EST,16:30:00 EET,16:15:00 EST,23:15:00 EET,09:30:00,16:12:00,0,180,16:30:00,0,0.14260848,0.2687189,48432,2,38404,1,15:55,67003,09:30,38404,first bar aligns with expected New York session start; no rows at check time
1,2026-02-24,America/New_York,Europe/Vilnius,-5,false,09:30:00 EST,16:30:00 EET,16:15:00 EST,23:15:00 EET,09:30:00,16:12:00,0,180,16:30:00,0,0.19158756,0.3315946,52769,2,41149,1,15:55,54393,09:30,41149,first bar aligns with expected New York session start; no rows at check time
1,2026-02-25,America/New_York,Europe/Vilnius,-5,false,09:30:00 EST,16:30:00 EET,16:15:00 EST,23:15:00 EET,09:30:00,16:12:00,0,180,16:30:00,0,0.17868437,0.28824184,46309,2,34372,1,15:55,59089,09:30,34372,first bar aligns with expected New York session start; no rows at check time
1,2026-02-26,America/New_York,Europe/Vilnius,-5,false,09:30:00 EST,16:30:00 EET,16:15:00 EST,23:15:00 EET,09:30:00,16:12:00,0,180,16:30:00,0,0.13204788,0.30744639,48964,4,38396,3,10:20,63812,10:20,46330,first bar aligns with expected New York session start; no rows at check time
1,2026-02-27,America/New_York,Europe/Vilnius,-5,false,09:30:00 EST,16:30:00 EET,16:15:00 EST,23:15:00 EET,09:30:00,16:12:00,0,180,16:30:00,0,0.14315432,0.23802463,50521,2,40805,2,15:55,154146,15:55,65247,first bar aligns with expected New York session start; no rows at check time
1,2026-03-02,America/New_York,Europe/Vilnius,-5,false,09:30:00 EST,16:30:00 EET,16:15:00 EST,23:15:00 EET,09:30:00,16:12:00,0,180,16:30:00,0,0.16348475,0.28987045,66651,1,51177,1,09:30,66651,09:30,51177,first bar aligns with expected New York session start; no rows at check time
1,2026-03-03,America/New_York,Europe/Vilnius,-5,false,09:30:00 EST,16:30:00 EET,16:15:00 EST,23:15:00 EET,09:30:00,16:12:00,0,180,16:30:00,0,0.14902478,0.25955351,69921,1,57762,1,09:30,69921,09:30,57762,first bar aligns with expected New York session start; no rows at check time
1,2026-03-04,America/New_York,Europe/Vilnius,-5,false,09:30:00 EST,16:30:00 EET,16:15:00 EST,23:15:00 EET,09:30:00,16:12:00,0,180,16:30:00,0,0.14363937,0.26906505,57504,1,49059,1,09:30,57504,09:30,49059,first bar aligns with expected New York session start; no rows at check time
1,2026-03-05,America/New_York,Europe/Vilnius,-5,false,09:30:00 EST,16:30:00 EET,16:15:00 EST,23:15:00 EET,09:30:00,16:12:00,0,180,16:30:00,0,0.11095684,0.20026806,49818,2,41299,1,15:55,71439,09:30,41299,first bar aligns with expected New York session start; no rows at check time
1,2026-03-06,America/New_York,Europe/Vilnius,-5,false,09:30:00 EST,16:30:00 EET,16:15:00 EST,23:15:00 EET,09:30:00,16:12:00,0,180,16:30:00,0,0.15854155,0.25542419,70230,2,59072,1,15:55,81117,09:30,59072,first bar aligns with expected New York session start; no rows at check time
1,2026-03-09,America/New_York,Europe/Vilnius,-4,true,09:30:00 EDT,15:30:00 EET,16:15:00 EDT,22:15:00 EET,09:30:00,16:12:00,0,180,16:30:00,0,0.1212703,0.21728107,49774,4,41456,3,15:55,73286,15:20,48879,first bar aligns with expected New York session start; no rows at check time
1,2026-03-10,America/New_York,Europe/Vilnius,-4,true,09:30:00 EDT,15:30:00 EET,16:15:00 EDT,22:15:00 EET,09:30:00,16:12:00,0,180,16:30:00,0,0.10666289,0.18938211,52226,3,44793,2,14:15,63619,14:15,51275,first bar aligns with expected New York session start; no rows at check time
1,2026-03-11,America/New_York,Europe/Vilnius,-4,true,09:30:00 EDT,15:30:00 EET,16:15:00 EDT,22:15:00 EET,09:30:00,16:12:00,0,180,16:30:00,0,0.11125949,0.24981581,36756,4,29852,3,10:00,61461,10:00,50546,first bar aligns with expected New York session start; no rows at check time
1,2026-03-12,America/New_York,Europe/Vilnius,-4,true,09:30:00 EDT,15:30:00 EET,16:15:00 EDT,22:15:00 EET,09:30:00,16:12:00,0,180,16:30:00,0,0.12716472,0.22477808,52977,2,41527,1,15:55,60236,09:30,41527,first bar aligns with expected New York session start; no rows at check time
1,2026-03-13,America/New_York,Europe/Vilnius,-4,true,09:30:00 EDT,15:30:00 EET,16:15:00 EDT,22:15:00 EET,09:30:00,16:12:00,0,180,16:30:00,0,0.12614395,0.22555622,47059,2,36919,1,15:55,63270,09:30,36919,first bar aligns with expected New York session start; no rows at check time
1,2026-03-16,America/New_York,Europe/Vilnius,-4,true,09:30:00 EDT,15:30:00 EET,16:15:00 EDT,22:15:00 EET,09:30:00,16:12:00,0,180,16:30:00,0,0.11501003,0.20692342,27620,3,22665,1,15:55,45084,09:30,22665,first bar aligns with expected New York session start; no rows at check time
1,2026-03-17,America/New_York,Europe/Vilnius,-4,true,09:30:00 EDT,15:30:00 EET,16:15:00 EDT,22:15:00 EET,09:30:00,16:12:00,0,180,16:30:00,0,0.13463394,0.2508615,40228,2,30978,1,15:55,44793,09:30,30978,first bar aligns with expected New York session start; no rows at check time
1,2026-03-18,America/New_York,Europe/Vilnius,-4,true,09:30:00 EDT,15:30:00 EET,16:15:00 EDT,22:15:00 EET,09:30:00,16:12:00,0,180,16:30:00,0,0.11289114,0.19827185,43424,2,33846,1,15:55,64781,09:30,33846,first bar aligns with expected New York session start; no rows at check time
1,2026-03-19,America/New_York,Europe/Vilnius,-4,true,09:30:00 EDT,15:30:00 EET,16:15:00 EDT,22:15:00 EET,09:30:00,16:12:00,0,180,16:30:00,0,0.11919341,0.1975465,55881,2,45902,2,15:05,67063,15:05,51428,first bar aligns with expected New York session start; no rows at check time
1,2026-03-20,America/New_York,Europe/Vilnius,-4,true,09:30:00 EDT,15:30:00 EET,16:15:00 EDT,22:15:00 EET,09:30:00,16:12:00,0,180,16:30:00,0,0.11885314,0.21143849,47297,4,36813,3,15:55,105433,15:55,54410,first bar aligns with expected New York session start; no rows at check time
1,2026-03-23,America/New_York,Europe/Vilnius,-4,true,09:30:00 EDT,15:30:00 EET,16:15:00 EDT,22:15:00 EET,09:30:00,16:12:00,0,180,16:30:00,0,0.11601874,0.20570037,42059,2,35085,2,15:55,80216,15:55,41031,first bar aligns with expected New York session start; no rows at check time
1,2026-03-24,America/New_York,Europe/Vilnius,-4,true,09:30:00 EDT,15:30:00 EET,16:15:00 EDT,22:15:00 EET,09:30:00,16:12:00,0,180,16:30:00,0,0.10665877,0.21401499,43648,3,35475,2,10:50,79410,10:50,65978,first bar aligns with expected New York session start; no rows at check time
1,2026-03-25,America/New_York,Europe/Vilnius,-4,true,09:30:00 EDT,15:30:00 EET,16:15:00 EDT,22:15:00 EET,09:30:00,16:12:00,0,180,16:30:00,0,0.13555808,0.25432151,42067,3,33049,2,11:15,59993,11:15,44676,first bar aligns with expected New York session start; no rows at check time
1,2026-03-26,America/New_York,Europe/Vilnius,-4,true,09:30:00 EDT,15:30:00 EET,16:15:00 EDT,22:15:00 EET,09:30:00,16:12:00,0,180,16:30:00,0,0.13674237,0.21026218,41423,2,32605,2,15:55,74620,15:55,35959,first bar aligns with expected New York session start; no rows at check time
1,2026-03-27,America/New_York,Europe/Vilnius,-4,true,09:30:00 EDT,15:30:00 EET,16:15:00 EDT,22:15:00 EET,09:30:00,16:12:00,0,180,16:30:00,0,0.11722832,0.21172405,52542,3,38214,2,15:55,91192,15:55,45988,first bar aligns with expected New York session start; no rows at check time
1,2026-03-30,America/New_York,Europe/Vilnius,-4,true,09:30:00 EDT,16:30:00 EEST,16:15:00 EDT,23:15:00 EEST,09:30:00,16:12:00,0,180,16:30:00,0,0.11973334,0.20709074,42252,2,33864,2,15:55,89605,15:55,40690,first bar aligns with expected New York session start; no rows at check time
1,2026-03-31,America/New_York,Europe/Vilnius,-4,true,09:30:00 EDT,16:30:00 EEST,16:15:00 EDT,23:15:00 EEST,09:30:00,16:12:00,0,180,16:30:00,0,0.09333058,0.16120058,42877,7,33390,7,15:55,173129,15:55,78435,first bar aligns with expected New York session start; no rows at check time
1,2026-04-01,America/New_York,Europe/Vilnius,-4,true,09:30:00 EDT,16:30:00 EEST,16:15:00 EDT,23:15:00 EEST,09:30:00,16:12:00,0,180,16:30:00,0,0.12537374,0.21102609,45008,2,35801,2,15:55,89099,15:55,43321,first bar aligns with expected New York session start; no rows at check time
1,2026-04-02,America/New_York,Europe/Vilnius,-4,true,09:30:00 EDT,16:30:00 EEST,16:15:00 EDT,23:15:00 EEST,09:30:00,16:12:00,0,180,16:30:00,0,0.12215007,0.21961364,46987,4,35437,3,10:35,119344,10:35,93087,first bar aligns with expected New York session start; no rows at check time
1,2026-04-06,America/New_York,Europe/Vilnius,-4,true,09:30:00 EDT,16:30:00 EEST,16:15:00 EDT,23:15:00 EEST,09:30:00,16:12:00,0,180,16:30:00,0,0.14479808,0.28163822,39957,2,32325,2,15:55,42694,10:35,33151,first bar aligns with expected New York session start; no rows at check time
1,2026-04-07,America/New_York,Europe/Vilnius,-4,true,09:30:00 EDT,16:30:00 EEST,16:15:00 EDT,23:15:00 EEST,09:30:00,16:12:00,0,180,16:30:00,0,0.08845828,0.18972132,34714,10,28386,8,15:45,73076,15:45,54871,first bar aligns with expected New York session start; no rows at check time
1,2026-04-08,America/New_York,Europe/Vilnius,-4,true,09:30:00 EDT,16:30:00 EEST,16:15:00 EDT,23:15:00 EEST,09:30:00,16:12:00,0,180,16:30:00,0,0.16352,0.26089885,71244,2,51200,1,15:55,76894,09:30,51200,first bar aligns with expected New York session start; no rows at check time
1,2026-04-09,America/New_York,Europe/Vilnius,-4,true,09:30:00 EDT,16:30:00 EEST,16:15:00 EDT,23:15:00 EEST,09:30:00,16:12:00,0,180,16:30:00,0,0.09854688,0.17550966,37689,4,28852,3,11:30,56517,11:30,42634,first bar aligns with expected New York session start; no rows at check time
1,2026-04-10,America/New_York,Europe/Vilnius,-4,true,09:30:00 EDT,16:30:00 EEST,16:15:00 EDT,23:15:00 EEST,09:30:00,16:12:00,0,180,16:30:00,0,0.12830954,0.21614454,41004,2,32552,1,15:55,60606,09:30,32552,first bar aligns with expected New York session start; no rows at check time
1,2026-04-13,America/New_York,Europe/Vilnius,-4,true,09:30:00 EDT,16:30:00 EEST,16:15:00 EDT,23:15:00 EEST,09:30:00,16:12:00,0,180,16:30:00,0,0.14378371,0.24602864,42185,4,32368,4,15:55,80143,15:55,39427,first bar aligns with expected New York session start; no rows at check time
1,2026-04-14,America/New_York,Europe/Vilnius,-4,true,09:30:00 EDT,16:30:00 EEST,16:15:00 EDT,23:15:00 EEST,09:30:00,16:12:00,0,180,16:30:00,0,0.14408898,0.24625437,45729,2,32292,1,15:55,64164,09:30,32292,first bar aligns with expected New York session start; no rows at check time
1,2026-04-15,America/New_York,Europe/Vilnius,-4,true,09:30:00 EDT,16:30:00 EEST,16:15:00 EDT,23:15:00 EEST,09:30:00,16:12:00,0,180,16:30:00,0,0.1358282,0.22967611,41880,2,30637,2,15:55,75380,15:55,33418,first bar aligns with expected New York session start; no rows at check time
1,2026-04-16,America/New_York,Europe/Vilnius,-4,true,09:30:00 EDT,16:30:00 EEST,16:15:00 EDT,23:15:00 EEST,09:30:00,16:12:00,0,180,16:30:00,0,0.13701532,0.23136782,33918,5,24986,5,15:55,59547,09:50,32961,first bar aligns with expected New York session start; no rows at check time
1,2026-04-17,America/New_York,Europe/Vilnius,-4,true,09:30:00 EDT,16:30:00 EEST,16:15:00 EDT,23:15:00 EEST,09:30:00,16:12:00,0,180,16:30:00,0,0.15867951,0.26158263,64889,2,46407,1,15:55,66596,09:30,46407,first bar aligns with expected New York session start; no rows at check time
1,2026-04-20,America/New_York,Europe/Vilnius,-4,true,09:30:00 EDT,16:30:00 EEST,16:15:00 EDT,23:15:00 EEST,09:30:00,16:12:00,0,180,16:30:00,0,0.1263919,0.21505345,40723,4,30357,4,15:55,73134,10:50,41741,first bar aligns with expected New York session start; no rows at check time
1,2026-04-21,America/New_York,Europe/Vilnius,-4,true,09:30:00 EDT,16:30:00 EEST,16:15:00 EDT,23:15:00 EEST,09:30:00,16:12:00,0,180,16:30:00,0,0.08736181,0.14391697,50394,3,37117,2,15:55,71893,15:55,39469,first bar aligns with expected New York session start; no rows at check time
1,2026-04-22,America/New_York,Europe/Vilnius,-4,true,09:30:00 EDT,16:30:00 EEST,16:15:00 EDT,23:15:00 EEST,09:30:00,16:12:00,0,180,16:30:00,0,0.11770664,0.22260891,35227,2,28809,1,15:55,57948,09:30,28809,first bar aligns with expected New York session start; no rows at check time
1,2026-04-23,America/New_York,Europe/Vilnius,-4,true,09:30:00 EDT,16:30:00 EEST,16:15:00 EDT,23:15:00 EEST,09:30:00,16:12:00,0,180,16:30:00,0,0.08070662,0.14931253,36995,9,29321,8,13:50,74010,13:50,57614,first bar aligns with expected New York session start; no rows at check time
1,2026-04-24,America/New_York,Europe/Vilnius,-4,true,09:30:00 EDT,16:30:00 EEST,16:15:00 EDT,23:15:00 EEST,09:30:00,16:12:00,0,180,16:30:00,0,0.13304628,0.23424056,48969,3,36812,2,15:55,67493,11:45,43343,first bar aligns with expected New York session start; no rows at check time
1,2026-04-27,America/New_York,Europe/Vilnius,-4,true,09:30:00 EDT,16:30:00 EEST,16:15:00 EDT,23:15:00 EEST,09:30:00,16:12:00,0,180,16:30:00,0,0.1680599,0.26811775,38452,2,30600,1,15:55,57961,09:30,30600,first bar aligns with expected New York session start; no rows at check time
1,2026-04-28,America/New_York,Europe/Vilnius,-4,true,09:30:00 EDT,16:30:00 EEST,16:15:00 EDT,23:15:00 EEST,09:30:00,16:12:00,0,180,16:30:00,0,0.14528263,0.23223428,46262,2,37903,1,15:55,57030,09:30,37903,first bar aligns with expected New York session start; no rows at check time
1,2026-04-29,America/New_York,Europe/Vilnius,-4,true,09:30:00 EDT,16:30:00 EEST,16:15:00 EDT,23:15:00 EEST,09:30:00,16:12:00,0,180,16:30:00,0,0.11776161,0.18769643,45090,3,35246,2,15:55,64194,11:50,37158,first bar aligns with expected New York session start; no rows at check time
1,2026-04-30,America/New_York,Europe/Vilnius,-4,true,09:30:00 EDT,16:30:00 EEST,16:15:00 EDT,23:15:00 EEST,09:30:00,16:12:00,0,180,16:30:00,0,0.14320702,0.24285756,53523,2,42281,2,15:55,129250,15:55,51818,first bar aligns with expected New York session start; no rows at check time
1,2026-05-01,America/New_York,Europe/Vilnius,-4,true,09:30:00 EDT,16:30:00 EEST,16:15:00 EDT,23:15:00 EEST,09:30:00,16:12:00,0,180,16:30:00,0,0.155711,0.25300989,47237,2,36428,1,15:55,64813,09:30,36428,first bar aligns with expected New York session start; no rows at check time
1,2026-05-04,America/New_York,Europe/Vilnius,-4,true,09:30:00 EDT,16:30:00 EEST,16:15:00 EDT,23:15:00 EEST,09:30:00,16:12:00,0,180,16:30:00,0,0.08921398,0.16108881,37755,5,30989,4,11:20,58041,11:20,43307,first bar aligns with expected New York session start; no rows at check time
1,2026-05-05,America/New_York,Europe/Vilnius,-4,true,09:30:00 EDT,16:30:00 EEST,16:15:00 EDT,23:15:00 EEST,09:30:00,16:12:00,0,180,16:30:00,0,0.13664847,0.31389272,35631,4,28002,2,15:55,57059,10:15,35155,first bar aligns with expected New York session start; no rows at check time
1,2026-05-06,America/New_York,Europe/Vilnius,-4,true,09:30:00 EDT,16:30:00 EEST,16:15:00 EDT,23:15:00 EEST,09:30:00,16:12:00,0,180,16:30:00,0,0.13025439,0.24434171,43974,2,35161,2,15:55,86844,15:55,38966,first bar aligns with expected New York session start; no rows at check time
1,2026-05-07,America/New_York,Europe/Vilnius,-4,true,09:30:00 EDT,16:30:00 EEST,16:15:00 EDT,23:15:00 EEST,09:30:00,16:12:00,0,180,16:30:00,0,0.09567531,0.16530855,33791,6,25980,6,15:55,79009,15:55,37931,first bar aligns with expected New York session start; no rows at check time
1,2026-05-08,America/New_York,Europe/Vilnius,-4,true,09:30:00 EDT,16:30:00 EEST,16:15:00 EDT,23:15:00 EEST,09:30:00,16:12:00,0,180,16:30:00,0,0.12434526,0.23953776,33053,3,26030,2,15:55,77546,15:55,34647,first bar aligns with expected New York session start; no rows at check time
1,2026-05-11,America/New_York,Europe/Vilnius,-4,true,09:30:00 EDT,16:30:00 EEST,16:15:00 EDT,23:15:00 EEST,09:30:00,16:12:00,0,180,16:30:00,0,0.13742329,0.22164625,42568,2,31792,1,15:55,60496,09:30,31792,first bar aligns with expected New York session start; no rows at check time
1,2026-05-12,America/New_York,Europe/Vilnius,-4,true,09:30:00 EDT,16:30:00 EEST,16:15:00 EDT,23:15:00 EEST,09:30:00,16:12:00,0,180,16:30:00,0,0.12379601,0.22104833,41685,3,32679,3,15:55,89801,15:55,37752,first bar aligns with expected New York session start; no rows at check time
1,2026-05-13,America/New_York,Europe/Vilnius,-4,true,09:30:00 EDT,16:30:00 EEST,16:15:00 EDT,23:15:00 EEST,09:30:00,16:12:00,0,180,16:30:00,0,0.1661129,0.26779589,40690,3,31985,2,15:55,56468,09:45,32203,first bar aligns with expected New York session start; no rows at check time
1,2026-05-14,America/New_York,Europe/Vilnius,-4,true,09:30:00 EDT,16:30:00 EEST,16:15:00 EDT,23:15:00 EEST,09:30:00,16:12:00,0,180,16:30:00,0,0.12983655,0.21520688,38303,2,29630,1,15:55,60545,09:30,29630,first bar aligns with expected New York session start; no rows at check time
1,2026-05-15,America/New_York,Europe/Vilnius,-4,true,09:30:00 EDT,16:30:00 EEST,16:15:00 EDT,23:15:00 EEST,09:30:00,16:12:00,0,180,16:30:00,0,0.16671345,0.2874076,70715,2,50416,1,15:55,100243,09:30,50416,first bar aligns with expected New York session start; no rows at check time
1,2026-05-18,America/New_York,Europe/Vilnius,-4,true,09:30:00 EDT,16:30:00 EEST,16:15:00 EDT,23:15:00 EEST,09:30:00,16:12:00,0,180,16:30:00,0,0.13190287,0.23001576,47228,3,39482,2,15:00,65842,15:00,48368,first bar aligns with expected New York session start; no rows at check time
1,2026-05-19,America/New_York,Europe/Vilnius,-4,true,09:30:00 EDT,16:30:00 EEST,16:15:00 EDT,23:15:00 EEST,09:30:00,16:12:00,0,180,16:30:00,0,0.14938169,0.28378002,49875,3,41446,3,15:55,106377,15:55,50172,first bar aligns with expected New York session start; no rows at check time
1,2026-05-20,America/New_York,Europe/Vilnius,-4,true,09:30:00 EDT,16:30:00 EEST,16:15:00 EDT,23:15:00 EEST,09:30:00,16:12:00,0,180,16:30:00,0,0.13516065,0.2871073,45005,4,35653,3,11:15,79366,11:15,59359,first bar aligns with expected New York session start; no rows at check time
1,2026-05-21,America/New_York,Europe/Vilnius,-4,true,09:30:00 EDT,16:30:00 EEST,16:15:00 EDT,23:15:00 EEST,09:30:00,16:12:00,0,180,16:30:00,0,0.13193864,0.23458012,47130,5,38273,2,15:55,66908,09:50,46106,first bar aligns with expected New York session start; no rows at check time
1,2026-05-22,America/New_York,Europe/Vilnius,-4,true,09:30:00 EDT,16:30:00 EEST,16:15:00 EDT,23:15:00 EEST,09:30:00,16:12:00,0,180,16:30:00,0,0.15281208,0.2731352,37517,2,30335,1,15:55,49363,09:30,30335,first bar aligns with expected New York session start; no rows at check time
1,2026-05-25,America/New_York,Europe/Vilnius,-4,true,09:30:00 EDT,16:30:00 EEST,16:15:00 EDT,23:15:00 EEST,09:30:00,12:57:00,0,11880,16:30:00,0,0.12916052,0.23793786,2576,5,2018,5,11:05,8288,11:05,6279,first bar aligns with expected New York session start; no rows at check time
1,2026-05-26,America/New_York,Europe/Vilnius,-4,true,09:30:00 EDT,16:30:00 EEST,16:15:00 EDT,23:15:00 EEST,09:30:00,16:12:00,0,180,16:30:00,0,0.16047845,0.2508648,43335,2,34262,1,15:55,57402,09:30,34262,first bar aligns with expected New York session start; no rows at check time
1,2026-05-27,America/New_York,Europe/Vilnius,-4,true,09:30:00 EDT,16:30:00 EEST,16:15:00 EDT,23:15:00 EEST,09:30:00,16:12:00,0,180,16:30:00,0,0.16502439,0.28683947,41313,2,33241,1,15:55,61357,09:30,33241,first bar aligns with expected New York session start; no rows at check time
1,2026-05-28,America/New_York,Europe/Vilnius,-4,true,09:30:00 EDT,16:30:00 EEST,16:15:00 EDT,23:15:00 EEST,09:30:00,16:12:00,0,180,16:30:00,0,0.11777604,0.29555503,29454,4,24103,3,15:55,58158,10:10,41733,first bar aligns with expected New York session start; no rows at check time
1,2026-05-29,America/New_York,Europe/Vilnius,-4,true,09:30:00 EDT,16:30:00 EEST,16:15:00 EDT,23:15:00 EEST,09:30:00,16:12:00,0,180,16:30:00,0,0.09647562,0.19342447,38594,5,28976,4,15:55,148044,15:55,52316,first bar aligns with expected New York session start; no rows at check time
1,2026-06-01,America/New_York,Europe/Vilnius,-4,true,09:30:00 EDT,16:30:00 EEST,16:15:00 EDT,23:15:00 EEST,09:30:00,16:12:00,0,180,16:30:00,0,0.12056306,0.23723692,42970,3,33158,2,15:55,67875,11:30,36433,first bar aligns with expected New York session start; no rows at check time
1,2026-06-02,America/New_York,Europe/Vilnius,-4,true,09:30:00 EDT,16:30:00 EEST,16:15:00 EDT,23:15:00 EEST,09:30:00,16:12:00,0,180,16:30:00,0,0.13595445,0.24960925,37801,2,29202,1,15:55,59974,09:30,29202,first bar aligns with expected New York session start; no rows at check time
1,2026-06-03,America/New_York,Europe/Vilnius,-4,true,09:30:00 EDT,16:30:00 EEST,16:15:00 EDT,23:15:00 EEST,09:30:00,16:12:00,0,180,16:30:00,0,0.1704333,0.26198836,35486,4,27185,5,15:55,82314,09:45,41254,first bar aligns with expected New York session start; no rows at check time
1,2026-06-04,America/New_York,Europe/Vilnius,-4,true,09:30:00 EDT,16:30:00 EEST,16:15:00 EDT,23:15:00 EEST,09:30:00,16:12:00,0,180,16:30:00,0,0.16328671,0.27642043,46894,2,36176,1,15:55,74216,09:30,36176,first bar aligns with expected New York session start; no rows at check time
1,2026-06-05,America/New_York,Europe/Vilnius,-4,true,09:30:00 EDT,16:30:00 EEST,16:15:00 EDT,23:15:00 EEST,09:30:00,16:12:00,0,180,16:30:00,0,0.10722989,0.19917562,49441,5,38890,5,15:55,108516,15:55,57577,first bar aligns with expected New York session start; no rows at check time
1,2026-06-08,America/New_York,Europe/Vilnius,-4,true,09:30:00 EDT,16:30:00 EEST,16:15:00 EDT,23:15:00 EEST,09:30:00,16:12:00,0,180,16:30:00,0,0.15144727,0.24994349,57772,2,47904,1,15:55,66438,09:30,47904,first bar aligns with expected New York session start; no rows at check time
1,2026-06-09,America/New_York,Europe/Vilnius,-4,true,09:30:00 EDT,16:30:00 EEST,16:15:00 EDT,23:15:00 EEST,09:30:00,16:12:00,0,180,16:30:00,0,0.08455397,0.18550668,38746,16,31415,14,15:55,82375,12:35,53083,first bar aligns with expected New York session start; no rows at check time
1,2026-06-10,America/New_York,Europe/Vilnius,-4,true,09:30:00 EDT,16:30:00 EEST,16:15:00 EDT,23:15:00 EEST,09:30:00,16:12:00,0,180,16:30:00,0,0.12851551,0.21092592,39685,3,34533,3,15:55,67171,15:55,37063,first bar aligns with expected New York session start; no rows at check time
1,2026-06-11,America/New_York,Europe/Vilnius,-4,true,09:30:00 EDT,16:30:00 EEST,16:15:00 EDT,23:15:00 EEST,09:30:00,16:12:00,0,180,16:30:00,0,0.1279863,0.23165469,45473,3,38899,3,15:55,79720,13:30,55829,first bar aligns with expected New York session start; no rows at check time
1,2026-06-12,America/New_York,Europe/Vilnius,-4,true,09:30:00 EDT,16:30:00 EEST,16:15:00 EDT,23:15:00 EEST,09:30:00,16:12:00,0,180,16:30:00,0,0.16053029,0.264112,49955,1,45707,1,09:30,49955,09:30,45707,first bar aligns with expected New York session start; no rows at check time
1,2026-06-15,America/New_York,Europe/Vilnius,-4,true,09:30:00 EDT,16:30:00 EEST,16:15:00 EDT,23:15:00 EEST,09:30:00,16:12:00,0,180,16:30:00,0,0.14221118,0.24035545,34952,2,28144,2,15:55,93811,15:55,44970,first bar aligns with expected New York session start; no rows at check time
1,2026-06-16,America/New_York,Europe/Vilnius,-4,true,09:30:00 EDT,16:30:00 EEST,16:15:00 EDT,23:15:00 EEST,09:30:00,16:12:00,0,180,16:30:00,0,0.10959926,0.22439626,31136,2,26742,2,15:55,72481,15:55,39249,first bar aligns with expected New York session start; no rows at check time
1,2026-06-17,America/New_York,Europe/Vilnius,-4,true,09:30:00 EDT,16:30:00 EEST,16:15:00 EDT,23:15:00 EEST,09:30:00,16:12:00,0,180,16:30:00,0,0.08215497,0.14886267,31173,11,27660,9,15:55,67967,14:00,48087,first bar aligns with expected New York session start; no rows at check time
1,2026-06-18,America/New_York,Europe/Vilnius,-4,true,09:30:00 EDT,16:30:00 EEST,16:15:00 EDT,23:15:00 EEST,09:30:00,16:12:00,0,180,16:30:00,0,0.16903066,0.27342799,62288,2,48651,2,15:55,111274,15:55,52350,first bar aligns with expected New York session start; no rows at check time
1,2026-06-19,America/New_York,Europe/Vilnius,-4,true,09:30:00 EDT,16:30:00 EEST,16:15:00 EDT,23:15:00 EEST,09:30:00,12:57:00,0,11880,16:30:00,0,0.23494246,0.42481433,3966,1,3222,1,09:30,3966,09:30,3222,first bar aligns with expected New York session start; no rows at check time
1,2026-06-22,America/New_York,Europe/Vilnius,-4,true,09:30:00 EDT,16:30:00 EEST,16:15:00 EDT,23:15:00 EEST,09:30:00,16:12:00,0,180,16:30:00,0,0.13131792,0.23092072,40591,3,33732,3,15:55,77967,15:55,39639,first bar aligns with expected New York session start; no rows at check time
1,2026-06-23,America/New_York,Europe/Vilnius,-4,true,09:30:00 EDT,16:30:00 EEST,16:15:00 EDT,23:15:00 EEST,09:30:00,16:12:00,0,180,16:30:00,0,0.15680633,0.26697744,62435,2,52200,1,15:55,89328,09:30,52200,first bar aligns with expected New York session start; no rows at check time
1,2026-06-24,America/New_York,Europe/Vilnius,-4,true,09:30:00 EDT,16:30:00 EEST,16:15:00 EDT,23:15:00 EEST,09:30:00,16:12:00,0,180,16:30:00,0,0.12708054,0.22472888,51411,2,41839,1,15:55,66305,09:30,41839,first bar aligns with expected New York session start; no rows at check time
1,2026-06-25,America/New_York,Europe/Vilnius,-4,true,09:30:00 EDT,16:30:00 EEST,16:15:00 EDT,23:15:00 EEST,09:30:00,16:12:00,0,180,16:30:00,0,0.20719919,0.3738224,52337,6,42881,5,09:45,73533,09:45,62211,first bar aligns with expected New York session start; no rows at check time
1,2026-06-26,America/New_York,Europe/Vilnius,-4,true,09:30:00 EDT,16:30:00 EEST,16:15:00 EDT,23:15:00 EEST,09:30:00,16:12:00,0,180,16:30:00,0,0.14159911,0.24208763,45991,3,37532,2,15:55,97947,15:55,62740,first bar aligns with expected New York session start; no rows at check time
1,2026-06-29,America/New_York,Europe/Vilnius,-4,true,09:30:00 EDT,16:30:00 EEST,16:15:00 EDT,23:15:00 EEST,09:30:00,16:12:00,0,180,16:30:00,0,0.17044138,0.34226798,57334,2,46937,2,15:55,83117,15:55,47582,first bar aligns with expected New York session start; no rows at check time
