schema_version,context_id,diagnostic_id,outcome_id,signal_id,symbol,direction,entry_time,entry_bar_index,lookback_bars,lookback_bars_available,minutes_after_rth_open,risk_points,target_distance_points,original_reward_risk,sweep_abs_delta,lookback_range_points,average_bar_range_points,average_volume,average_trades,average_abs_delta,entry_bar_range_points,entry_bar_volume,entry_bar_trades,entry_bar_delta,risk_to_average_bar_range,target_distance_to_average_bar_range,sweep_abs_delta_to_average_abs_delta,entry_volume_to_average_volume,entry_trades_to_average_trades,entry_abs_delta_to_average_abs_delta,exit_reason,net_usd,notes
1,liquidity_sweep_absorption_reversal_ESU26-CME_165:target_hit:173:quality:context:50,liquidity_sweep_absorption_reversal_ESU26-CME_165:target_hit:173:quality,liquidity_sweep_absorption_reversal_ESU26-CME_165:target_hit:173,liquidity_sweep_absorption_reversal_ESU26-CME_165,ESU26-CME,long,2026-05-21  11:10:50,165,50,50,100,5,11.625,2.325,2,19.5,0.315,2.84,2.28,2.12,0.5,3,3,1,15.87301587,36.9047619,0.94339623,1.05633803,1.31578947,0.47169811,target_hit,552.75,rolling pre-entry volatility/activity context from orderflow bar export
1,liquidity_sweep_absorption_reversal_ESU26-CME_263:stop_hit:276:quality:context:50,liquidity_sweep_absorption_reversal_ESU26-CME_263:stop_hit:276:quality,liquidity_sweep_absorption_reversal_ESU26-CME_263:stop_hit:276,liquidity_sweep_absorption_reversal_ESU26-CME_263,ESU26-CME,short,2026-05-21  13:12:42,263,50,50,222,5,12.875,2.575,1,28.5,0.365,3.9,3.08,2.86,0.75,3,3,-3,13.69863014,35.2739726,0.34965035,0.76923077,0.97402597,1.04895105,stop_hit,-278.5,rolling pre-entry volatility/activity context from orderflow bar export
1,liquidity_sweep_absorption_reversal_ESU26-CME_616:target_hit:637:quality:context:50,liquidity_sweep_absorption_reversal_ESU26-CME_616:target_hit:637:quality,liquidity_sweep_absorption_reversal_ESU26-CME_616:target_hit:637,liquidity_sweep_absorption_reversal_ESU26-CME_616,ESU26-CME,long,2026-05-22  10:31:37,616,50,50,61,3.25,10.625,3.26923077,1,15.5,0.415,2.84,2.72,1.84,0.75,3,3,3,7.8313253,25.60240964,0.54347826,1.05633803,1.10294118,1.63043478,target_hit,502.75,rolling pre-entry volatility/activity context from orderflow bar export
1,liquidity_sweep_absorption_reversal_ESU26-CME_771:target_hit:801:quality:context:50,liquidity_sweep_absorption_reversal_ESU26-CME_771:target_hit:801:quality,liquidity_sweep_absorption_reversal_ESU26-CME_771:target_hit:801,liquidity_sweep_absorption_reversal_ESU26-CME_771,ESU26-CME,short,2026-05-22  13:37:14,771,50,50,247,6.25,10.875,1.74,3,20.25,0.615,5.2,4.7,3.36,0.25,2,2,-2,10.16260163,17.68292683,0.89285714,0.38461538,0.42553191,0.5952381,target_hit,515.25,rolling pre-entry volatility/activity context from orderflow bar export
1,liquidity_sweep_absorption_reversal_ESU26-CME_918:target_hit:919:quality:context:50,liquidity_sweep_absorption_reversal_ESU26-CME_918:target_hit:919:quality,liquidity_sweep_absorption_reversal_ESU26-CME_918:target_hit:919,liquidity_sweep_absorption_reversal_ESU26-CME_918,ESU26-CME,long,2026-05-25  11:10:55,918,50,17,100,2.5,1.625,0.65,165,10.5,0.73529412,22.94117647,7.88235294,18.58823529,0.75,3,3,-1,3.4,2.21,8.87658228,0.13076923,0.38059701,0.05379747,target_hit,52.75,rolling pre-entry volatility/activity context from orderflow bar export
1,liquidity_sweep_absorption_reversal_ESU26-CME_934:target_hit:937:quality:context:50,liquidity_sweep_absorption_reversal_ESU26-CME_934:target_hit:937:quality,liquidity_sweep_absorption_reversal_ESU26-CME_934:target_hit:937,liquidity_sweep_absorption_reversal_ESU26-CME_934,ESU26-CME,short,2026-05-25  11:14:19,934,50,33,104,2.5,2.375,0.95,3,15.75,0.71212121,19.27272727,6.93939394,14.72727273,1,10,9,-8,3.5106383,3.33510638,0.2037037,0.51886792,1.29694323,0.54320988,target_hit,90.25,rolling pre-entry volatility/activity context from orderflow bar export
1,liquidity_sweep_absorption_reversal_ESU26-CME_1043:target_hit:1058:quality:context:50,liquidity_sweep_absorption_reversal_ESU26-CME_1043:target_hit:1058:quality,liquidity_sweep_absorption_reversal_ESU26-CME_1043:target_hit:1058,liquidity_sweep_absorption_reversal_ESU26-CME_1043,ESU26-CME,short,2026-05-26  11:02:56,1043,50,50,92,3.25,7.875,2.42307692,3,13.5,0.47,4.68,3.84,3.32,0.75,2,2,2,6.91489362,16.75531915,0.90361446,0.42735043,0.52083333,0.60240964,target_hit,365.25,rolling pre-entry volatility/activity context from orderflow bar export
1,liquidity_sweep_absorption_reversal_ESU26-CME_1104:stop_hit:1118:quality:context:50,liquidity_sweep_absorption_reversal_ESU26-CME_1104:stop_hit:1118:quality,liquidity_sweep_absorption_reversal_ESU26-CME_1104:stop_hit:1118,liquidity_sweep_absorption_reversal_ESU26-CME_1104,ESU26-CME,long,2026-05-26  12:17:53,1104,50,50,167,2.75,8.625,3.13636364,2,21,0.345,3.06,2.6,1.58,0.5,5,4,5,7.97101449,25,1.26582278,1.63398693,1.53846154,3.16455696,stop_hit,-166,rolling pre-entry volatility/activity context from orderflow bar export
1,liquidity_sweep_absorption_reversal_ESU26-CME_1298:stop_hit:1308:quality:context:50,liquidity_sweep_absorption_reversal_ESU26-CME_1298:stop_hit:1308:quality,liquidity_sweep_absorption_reversal_ESU26-CME_1298:stop_hit:1308,liquidity_sweep_absorption_reversal_ESU26-CME_1298,ESU26-CME,long,2026-05-27  11:25:16,1298,50,50,115,3.25,8.375,2.57692308,1,19.75,0.63,5.94,5.06,4.58,1,16,10,2,5.15873016,13.29365079,0.21834061,2.69360269,1.97628458,0.43668122,stop_hit,-191,rolling pre-entry volatility/activity context from orderflow bar export
1,liquidity_sweep_absorption_reversal_ESU26-CME_1796:target_hit:1843:quality:context:50,liquidity_sweep_absorption_reversal_ESU26-CME_1796:target_hit:1843:quality,liquidity_sweep_absorption_reversal_ESU26-CME_1796:target_hit:1843,liquidity_sweep_absorption_reversal_ESU26-CME_1796,ESU26-CME,long,2026-05-29  10:51:24,1796,50,50,81,6.5,8,1.23076923,2,24,0.455,2.88,2.86,2.2,1,24,6,24,14.28571429,17.58241758,0.90909091,8.33333333,2.0979021,10.90909091,target_hit,371.5,rolling pre-entry volatility/activity context from orderflow bar export
1,liquidity_sweep_absorption_reversal_ESU26-CME_2243:stop_hit:2246:quality:context:50,liquidity_sweep_absorption_reversal_ESU26-CME_2243:stop_hit:2246:quality,liquidity_sweep_absorption_reversal_ESU26-CME_2243:stop_hit:2246,liquidity_sweep_absorption_reversal_ESU26-CME_2243,ESU26-CME,short,2026-06-01  11:31:21,2243,50,50,121,4.25,7.875,1.85294118,8,19.75,0.61,5.58,4.88,3.9,1,2,2,0,6.96721311,12.90983607,2.05128205,0.35842294,0.40983607,0,stop_hit,-241,rolling pre-entry volatility/activity context from orderflow bar export
1,liquidity_sweep_absorption_reversal_ESU26-CME_3013:stop_hit:3032:quality:context:50,liquidity_sweep_absorption_reversal_ESU26-CME_3013:stop_hit:3032:quality,liquidity_sweep_absorption_reversal_ESU26-CME_3013:stop_hit:3032,liquidity_sweep_absorption_reversal_ESU26-CME_3013,ESU26-CME,long,2026-06-03  12:57:17,3013,50,50,207,5.25,18.375,3.5,13,12.25,0.74,8.02,7.08,4.06,1,15,13,1,7.09459459,24.83108108,3.20197044,1.87032419,1.83615819,0.24630542,stop_hit,-291,rolling pre-entry volatility/activity context from orderflow bar export
1,liquidity_sweep_absorption_reversal_ESU26-CME_3355:stop_hit:3357:quality:context:50,liquidity_sweep_absorption_reversal_ESU26-CME_3355:stop_hit:3357:quality,liquidity_sweep_absorption_reversal_ESU26-CME_3355:stop_hit:3357,liquidity_sweep_absorption_reversal_ESU26-CME_3355,ESU26-CME,short,2026-06-04  10:32:05,3355,50,50,62,2.5,10.5,4.2,1,20.5,0.68,6.18,6.14,2.58,1,6,6,-6,3.67647059,15.44117647,0.3875969,0.97087379,0.9771987,2.3255814,stop_hit,-153.5,rolling pre-entry volatility/activity context from orderflow bar export
1,liquidity_sweep_absorption_reversal_ESU26-CME_5390:stop_hit:5393:quality:context:50,liquidity_sweep_absorption_reversal_ESU26-CME_5390:stop_hit:5393:quality,liquidity_sweep_absorption_reversal_ESU26-CME_5390:stop_hit:5393,liquidity_sweep_absorption_reversal_ESU26-CME_5390,ESU26-CME,short,2026-06-08  11:18:08,5390,50,50,108,4.25,18.25,4.29411765,2,16.75,0.645,7.7,6.22,4.38,0.5,2,2,-2,6.58914729,28.29457364,0.456621,0.25974026,0.32154341,0.456621,stop_hit,-241,rolling pre-entry volatility/activity context from orderflow bar export
1,liquidity_sweep_absorption_reversal_ESU26-CME_5659:stop_hit:5666:quality:context:50,liquidity_sweep_absorption_reversal_ESU26-CME_5659:stop_hit:5666:quality,liquidity_sweep_absorption_reversal_ESU26-CME_5659:stop_hit:5666,liquidity_sweep_absorption_reversal_ESU26-CME_5659,ESU26-CME,long,2026-06-08  13:15:04,5659,50,50,225,7.5,15.75,2.1,2,27,0.47,4.48,4.14,3.12,1,15,15,15,15.95744681,33.5106383,0.64102564,3.34821429,3.62318841,4.80769231,stop_hit,-403.5,rolling pre-entry volatility/activity context from orderflow bar export
1,liquidity_sweep_absorption_reversal_ESU26-CME_11477:stop_hit:11517:quality:context:50,liquidity_sweep_absorption_reversal_ESU26-CME_11477:stop_hit:11517:quality,liquidity_sweep_absorption_reversal_ESU26-CME_11477:stop_hit:11517,liquidity_sweep_absorption_reversal_ESU26-CME_11477,ESU26-CME,short,2026-06-10  10:30:57,11477,50,50,60,2.5,26.625,10.65,5,12.5,0.785,10.72,10.02,4.8,0.75,6,6,2,3.18471338,33.91719745,1.04166667,0.55970149,0.5988024,0.41666667,stop_hit,-153.5,rolling pre-entry volatility/activity context from orderflow bar export
1,liquidity_sweep_absorption_reversal_ESU26-CME_12007:stop_hit:12009:quality:context:50,liquidity_sweep_absorption_reversal_ESU26-CME_12007:stop_hit:12009:quality,liquidity_sweep_absorption_reversal_ESU26-CME_12007:stop_hit:12009,liquidity_sweep_absorption_reversal_ESU26-CME_12007,ESU26-CME,long,2026-06-10  11:10:45,12007,50,50,100,2,27.125,13.5625,6,15,0.765,7.32,6.64,3.36,1,9,9,-1,2.61437908,35.45751634,1.78571429,1.2295082,1.35542169,0.29761905,stop_hit,-128.5,rolling pre-entry volatility/activity context from orderflow bar export
1,liquidity_sweep_absorption_reversal_ESU26-CME_16761:stop_hit:16766:quality:context:50,liquidity_sweep_absorption_reversal_ESU26-CME_16761:stop_hit:16766:quality,liquidity_sweep_absorption_reversal_ESU26-CME_16761:stop_hit:16766,liquidity_sweep_absorption_reversal_ESU26-CME_16761,ESU26-CME,long,2026-06-11  10:58:10,16761,50,50,88,3.5,25.875,7.39285714,4,15.25,0.93,26.46,24.06,8.38,1,6,6,0,3.76344086,27.82258065,0.47732697,0.22675737,0.24937656,0,stop_hit,-203.5,rolling pre-entry volatility/activity context from orderflow bar export
1,liquidity_sweep_absorption_reversal_ESU26-CME_19000:stop_hit:19070:quality:context:50,liquidity_sweep_absorption_reversal_ESU26-CME_19000:stop_hit:19070:quality,liquidity_sweep_absorption_reversal_ESU26-CME_19000:stop_hit:19070,liquidity_sweep_absorption_reversal_ESU26-CME_19000,ESU26-CME,short,2026-06-11  13:29:26,19000,50,50,239,4.75,25.125,5.28947368,37,13,0.81,10.96,10.22,4.8,0.75,15,15,5,5.86419753,31.01851852,7.70833333,1.36861314,1.46771037,1.04166667,stop_hit,-266,rolling pre-entry volatility/activity context from orderflow bar export
1,liquidity_sweep_absorption_reversal_ESU26-CME_24697:stop_hit:24701:quality:context:50,liquidity_sweep_absorption_reversal_ESU26-CME_24697:stop_hit:24701:quality,liquidity_sweep_absorption_reversal_ESU26-CME_24697:stop_hit:24701,liquidity_sweep_absorption_reversal_ESU26-CME_24697,ESU26-CME,short,2026-06-12  10:54:39,24697,50,50,84,3.5,28.5,8.14285714,9,9.75,0.975,43.84,37.36,9.92,1,12,11,-10,3.58974359,29.23076923,0.90725806,0.27372263,0.29443255,1.00806452,stop_hit,-203.5,rolling pre-entry volatility/activity context from orderflow bar export
1,liquidity_sweep_absorption_reversal_ESU26-CME_32971:stop_hit:33027:quality:context:50,liquidity_sweep_absorption_reversal_ESU26-CME_32971:stop_hit:33027:quality,liquidity_sweep_absorption_reversal_ESU26-CME_32971:stop_hit:33027,liquidity_sweep_absorption_reversal_ESU26-CME_32971,ESU26-CME,long,2026-06-17  10:42:16,32971,50,50,72,2,9.25,4.625,10,12.5,1,380.96,311.12,54.44,1,144,124,38,2,9.25,0.18368846,0.37799244,0.39856004,0.69801616,stop_hit,-128.5,rolling pre-entry volatility/activity context from orderflow bar export
1,liquidity_sweep_absorption_reversal_ESU26-CME_42907:stop_hit:42909:quality:context:50,liquidity_sweep_absorption_reversal_ESU26-CME_42907:stop_hit:42909:quality,liquidity_sweep_absorption_reversal_ESU26-CME_42907:stop_hit:42909,liquidity_sweep_absorption_reversal_ESU26-CME_42907,ESU26-CME,short,2026-06-19  10:46:47,42907,50,50,76,1.75,3.25,1.85714286,31,11,1,235.42,210.26,32.98,1,486,417,36,1.75,3.25,0.93996361,2.06439555,1.98325882,1.09157065,stop_hit,-116,rolling pre-entry volatility/activity context from orderflow bar export
1,liquidity_sweep_absorption_reversal_ESU26-CME_43034:stop_hit:43046:quality:context:50,liquidity_sweep_absorption_reversal_ESU26-CME_43034:stop_hit:43046:quality,liquidity_sweep_absorption_reversal_ESU26-CME_43034:stop_hit:43046,liquidity_sweep_absorption_reversal_ESU26-CME_43034,ESU26-CME,long,2026-06-19  12:59:30,43034,50,50,209,2.75,2.75,1,26,12.5,1,105.36,79.28,25.44,0.5,15,15,15,2.75,2.75,1.02201258,0.14236902,0.18920283,0.58962264,stop_hit,-166,rolling pre-entry volatility/activity context from orderflow bar export
